num_ratings,num_reviews,title,series,Root
6532918,173696,"
      The Hunger Games
",1,undefined
2581093,43636,"
      Harry Potter and the Order of the Phoenix
",1,undefined
4627860,92947,"
      To Kill a Mockingbird
",1,undefined
3087328,69415,"
      Pride and Prejudice
",1,undefined
5087195,105670,"
      Twilight
",1,undefined
1887478,114588,"
      The Book Thief
",0,undefined
2823160,57964,"
      Animal Farm
",0,undefined
532857,10524,"
      The Chronicles of Narnia
",1,undefined
112416,1815,"
      J.R.R. Tolkien 4-Book Boxed Set: The Hobbit and The Lord of the Rings
",1,undefined
3664504,156518,"
      The Fault in Our Stars
",0,undefined
1089454,20079,"
      Gone with the Wind
",0,undefined
1475256,30971,"
      The Hitchhiker's Guide to the Galaxy
",1,undefined
927076,18179,"
      The Giving Tree
",0,undefined
1375313,38376,"
      Wuthering Heights
",0,undefined
1973549,47655,"
      The Da Vinci Code
",1,undefined
997179,31925,"
      The Picture of Dorian Gray
",0,undefined
1744415,30447,"
      Memoirs of a Geisha
",0,undefined
469611,10879,"
      Alice's Adventures in Wonderland / Through the Looking-Glass
",1,undefined
1661489,43335,"
      Jane Eyre
",1,undefined
693116,17870,"
      Les Misérables
",0,undefined
1732097,49362,"
      Fahrenheit 451
",0,undefined
2988154,108877,"
      Divergent
",1,undefined
2313660,38480,"
      Lord of the Flies
",0,undefined
2094342,19726,"
      Romeo and Juliet
",0,undefined
2174477,82729,"
      The Alchemist
",0,undefined
1281243,58661,"
      The Perks of Being a Wallflower
",0,undefined
3876730,68957,"
      The Great Gatsby
",0,undefined
646266,19996,"
      Crime and Punishment
",0,undefined
1655374,62670,"
      City of Bones
",1,undefined
1156769,43661,"
      Ender's Game
",1,undefined
2217924,85060,"
      The Help
",0,undefined
7279487,115324,"
      Harry Potter and the Sorcerer's Stone
",1,undefined
1422171,41254,"
      The Little Prince
",0,undefined
749473,23907,"
      Anne of Green Gables
",1,undefined
1454084,18501,"
      Charlotte's Web
",0,undefined
1985058,35159,"
      Of Mice and Men
",0,undefined
1599286,47612,"
      The Time Traveler's Wife
",0,undefined
965457,27229,"
      Dracula
",0,undefined
1475247,31466,"
      Brave New World
",0,undefined
770237,31439,"
      One Hundred Years of Solitude
",0,undefined
2057003,62464,"
      The Lightning Thief
",1,undefined
2798534,58685,"
      The Catcher in the Rye
",0,undefined
793869,20636,"
      The Princess Bride
",0,undefined
916304,19428,"
      The Secret Garden
",0,undefined
1179376,55175,"
      A Thousand Splendid Suns
",0,undefined
2046885,54967,"
      A Game of Thrones
",1,undefined
1068049,34273,"
      A Wrinkle in Time
",1,undefined
1164290,15794,"
      The Adventures of Huckleberry Finn
",1,undefined
964552,33929,"
      The Outsiders
",0,undefined
2052531,40807,"
      The Lovely Bones
",0,undefined
836322,12026,"
      Where the Wild Things Are
",0,undefined
634397,9573,"
      Green Eggs and Ham
",0,undefined
877284,12626,"
      The Odyssey
",0,undefined
1366456,47608,"
      Life of Pi
",0,undefined
821810,17840,"
      A Tale of Two Cities
",0,undefined
1404581,59044,"
      Water for Elephants
",0,undefined
675668,25283,"
      Lolita
",0,undefined
1150861,27540,"
      Slaughterhouse-Five
",0,undefined
2483008,74898,"
      The Kite Runner
",0,undefined
1192450,34890,"
      Frankenstein: The 1818 Text
",0,undefined
1508671,72324,"
      The Handmaid's Tale
",1,undefined
1836382,65998,"
      The Giver
",1,undefined
806220,25712,"
      Dune
",1,undefined
734600,18640,"
      Catch-22
",1,undefined
630118,21419,"
      The Stand
",0,undefined
667769,32063,"
      The Pillars of the Earth
",1,undefined
249156,6957,"
      The Adventures of Sherlock Holmes
",1,undefined
440939,14015,"
      Watership Down
",1,undefined
664811,16434,"
      Great Expectations
",0,undefined
1715667,31138,"
      Little Women
",1,undefined
2883244,66759,"
      Harry Potter and the Deathly Hallows
",1,undefined
606354,23870,"
      The Bell Jar
",0,undefined
681129,24903,"
      Anna Karenina
",0,undefined
641349,11366,"
      One Flew Over the Cuckoo's Nest
",0,undefined
674122,17072,"
      Matilda
",0,undefined
3249346,72354,"
      1984
",0,undefined
847180,46080,"
      Outlander
",1,undefined
1072348,33675,"
      My Sister's Keeper
",0,undefined
2666420,69213,"
      The Girl with the Dragon Tattoo
",1,undefined
470954,25510,"
      Rebecca
",0,undefined
532894,15838,"
      The Color Purple
",1,undefined
394312,21049,"
      A Tree Grows in Brooklyn
",0,undefined
612729,14139,"
      A Clockwork Orange
",0,undefined
249627,11570,"
      The Brothers Karamazov
",1,undefined
731588,46343,"
      The Road
",0,undefined
549904,12079,"
      Angela's Ashes
",1,undefined
562149,22401,"
      Vampire Academy
",1,undefined
598073,18077,"
      Siddhartha
",0,undefined
665812,23486,"
      The Poisonwood Bible
",0,undefined
2902212,57134,"
      Harry Potter and the Prisoner of Azkaban
",1,undefined
1312516,22774,"
      The Golden Compass
",1,undefined
215474,8351,"
      Don Quixote
",0,undefined
2400060,23527,"
      The Fellowship of the Ring
",1,undefined
357997,17586,"
      Atlas Shrugged
",0,undefined
855093,25967,"
      The Old Man and the Sea
",0,undefined
1359830,20227,"
      The Notebook
",1,undefined
225436,2249,"
      The Complete Stories and Poems
",0,undefined
278443,4958,"
      Winnie-the-Pooh
",1,undefined
494198,10501,"
      Interview with the Vampire
",1,undefined
288639,13969,"
      A Prayer for Owen Meany
",0,undefined
485497,16071,"
      Moby-Dick or, the Whale
",0,undefined
2671820,47861,"
      Harry Potter and the Goblet of Fire
",1,undefined
527580,19402,"
      The Red Tent
",0,undefined
1133728,30784,"
      The Secret Life of Bees
",0,undefined
688113,32421,"
      Clockwork Angel
",1,undefined
2506170,40523,"
      Harry Potter and the Half-Blood Prince
",1,undefined
861317,35069,"
      And Then There Were None
",0,undefined
587730,23353,"
      Middlesex
",0,undefined
729657,24100,"
      The Stranger
",0,undefined
251017,12024,"
      The Master and Margarita
",0,undefined
1155908,25711,"
      The Shining
",1,undefined
739187,42902,"
      The Name of the Wind
",1,undefined
775008,10250,"
      The Adventures of Tom Sawyer
",1,undefined
1469983,22484,"
      Eragon
",1,undefined
683158,12297,"
      Charlie and the Chocolate Factory
",1,undefined
490653,19093,"
      Flowers for Algernon
",0,undefined
667580,18599,"
      The Metamorphosis
",0,undefined
355301,15217,"
      On the Road
",1,undefined
1144671,56833,"
      Looking for Alaska
",0,undefined
1219419,44753,"
      The Curious Incident of the Dog in the Night-Time
",0,undefined
479020,36831,"
      The Shadow of the Wind
",1,undefined
406888,8131,"
      The Very Hungry Caterpillar
",0,undefined
801198,26657,"
      Tuesdays with Morrie
",0,undefined
351337,15885,"
      The Unbearable Lightness of Being
",0,undefined
2815129,54411,"
      Harry Potter and the Chamber of Secrets
",1,undefined
307238,9169,"
      The Name of the Rose
",0,undefined
349252,11281,"
      Where the Red Fern Grows
",0,undefined
342993,8919,"
      The Godfather
",1,undefined
716959,14971,"
      The Scarlet Letter
",0,undefined
543817,17019,"
      In Cold Blood
",0,undefined
588503,21032,"
      The Five People You Meet in Heaven
",1,undefined
507682,14803,"
      Fight Club
",1,undefined
589297,25224,"
      Hush, Hush
",1,undefined
759335,21855,"
      The Count of Monte Cristo
",0,undefined
441918,5956,"
      The Cat in the Hat
",1,undefined
776763,39077,"
      American Gods
",1,undefined
341284,14896,"
      Perfume: The Story of a Murderer
",0,undefined
2185490,22566,"
      The Lion, the Witch and the Wardrobe
",1,undefined
152573,7796,"
      Lonesome Dove
",1,undefined
991015,20817,"
      Holes
",1,undefined
692165,24172,"
      The Last Olympian
",1,undefined
826884,26237,"
      It
",0,undefined
493169,14399,"
      Watchmen
",1,undefined
143369,2229,"
      The Little House Collection
",1,undefined
123892,4000,"
      The Divine Comedy
",1,undefined
288330,11749,"
      Peter Pan
",0,undefined
360954,10704,"
      All Quiet on the Western Front
",1,undefined
2972633,49529,"
      The Hobbit, or There and Back Again
",1,undefined
8510,130,"
      The Compleat Works of Wllm Shkspr (abridged)
",0,undefined
421351,20868,"
      Love in the Time of Cholera
",0,undefined
1197315,59049,"
      Insurgent
",1,undefined
333171,11412,"
      Shadow Kiss
",1,undefined
318925,6119,"
      The Thorn Birds
",0,undefined
686258,13286,"
      A Walk to Remember
",0,undefined
341154,3516,"
      How the Grinch Stole Christmas!
",0,undefined
292145,5394,"
      The Ultimate Hitchhiker's Guide to the Galaxy
",1,undefined
1505649,54128,"
      Eat, Pray, Love
",0,undefined
307100,9515,"
      The Importance of Being Earnest
",0,undefined
447157,17519,"
      Atonement
",0,undefined
271277,14013,"
      Their Eyes Were Watching God
",0,undefined
278273,6946,"
      The Three Musketeers
",1,undefined
381132,12991,"
      The Wonderful Wizard of Oz
",1,undefined
317745,11416,"
      Frostbite
",1,undefined
313178,5969,"
      Goodnight Moon
",1,undefined
561196,28193,"
      Good Omens: The Nice and Accurate Prophecies of Agnes Nutter, Witch
",0,undefined
291375,4184,"
      The Lorax
",0,undefined
2400037,23526,"
      The Fellowship of the Ring
",1,undefined
283777,9895,"
      Blood Promise
",1,undefined
241947,8868,"
      Tess of the D'Urbervilles
",0,undefined
765420,19926,"
      The Battle of the Labyrinth
",1,undefined
351732,30848,"
      Clockwork Princess
",1,undefined
351732,30848,"
      Clockwork Princess
",,
449482,8272,"
      A Midsummer Night's Dream
",0,undefined
241138,9912,"
      The Prophet
",0,undefined
711558,21764,"
      The Titan's Curse
",1,undefined
775661,27814,"
      The Sea of Monsters
",1,undefined
195283,6842,"
      The Mists of Avalon
",1,undefined
603769,9418,"
      The Joy Luck Club
",0,undefined
381690,5389,"
      Alice in Wonderland
",1,undefined
349912,11385,"
      The Call of the Wild
",0,undefined
207157,8171,"
      Jonathan Livingston Seagull
",0,undefined
260861,10910,"
      Madame Bovary
",0,undefined
190809,6922,"
      The Hunger Games Trilogy Boxset
",1,undefined
455921,12694,"
      Bridge to Terabithia
",0,undefined
251208,10553,"
      The Phantom Tollbooth
",0,undefined
1095667,56160,"
      The Maze Runner
",1,undefined
337969,5376,"
      Oh, the Places You'll Go!
",0,undefined
822575,34379,"
      The Girl Who Played with Fire
",1,undefined
171930,6775,"
      The Neverending Story
",0,undefined
325594,7726,"
      Oliver Twist
",0,undefined
112973,6916,"
      Ulysses
",0,undefined
410220,12001,"
      Treasure Island
",0,undefined
2001879,78809,"
      Fifty Shades of Grey
",1,undefined
232933,6677,"
      The Clan of the Cave Bear
",1,undefined
676793,22322,"
      A Storm of Swords
",1,undefined
191943,3423,"
      The Canterbury Tales
",0,undefined
206813,5568,"
      The World According to Garp
",0,undefined
267374,9852,"
      A Farewell to Arms
",0,undefined
202037,6804,"
      David Copperfield
",0,undefined
790894,52197,"
      Tote Mädchen lügen nicht
",0,undefined
578524,24632,"
      Wicked: The Life and Times of the Wicked Witch of the West
",1,undefined
397500,24613,"
      Murder on the Orient Express
",1,undefined
149306,4375,"
      Shōgun
",1,undefined
385702,23392,"
      Extremely Loud & Incredibly Close
",0,undefined
147374,5264,"
      His Dark Materials
",1,undefined
275980,7319,"
      A Little Princess
",0,undefined
147320,2327,"
      Schindler's List
",0,undefined
542289,27483,"
      The Boy in the Striped Pajamas
",0,undefined
461299,16851,"
      The Other Boleyn Girl
",1,undefined
708584,75033,"
      The Night Circus
",0,undefined
815517,12860,"
      Jurassic Park
",1,undefined
507378,19861,"
      Fallen
",1,undefined
260279,11285,"
      Last Sacrifice
",1,undefined
333208,13114,"
      Beloved
",1,undefined
225866,8277,"
      The Silmarillion
",1,undefined
4345,462,"
      The Secret Magdalene
",0,undefined
936750,50713,"
      The Selection
",1,undefined
2587013,97668,"
      Catching Fire
",1,undefined
645733,22443,"
      The Lost Hero
",1,undefined
227342,3645,"
      The Velveteen Rabbit
",0,undefined
241094,7874,"
      The Trial
",0,undefined
234921,15259,"
      A Confederacy of Dunces
",0,undefined
630479,45386,"
      Throne of Glass
",1,undefined
370400,13095,"
      The Sun Also Rises
",0,undefined
456321,23863,"
      Clockwork Prince
",1,undefined
265667,8968,"
      Spirit Bound
",1,undefined
64041,782,"
      The Iliad/The Odyssey
",0,undefined
329524,7836,"
      The Crucible
",0,undefined
343508,11104,"
      Cat's Cradle
",0,undefined
249372,14092,"
      The God of Small Things
",0,undefined
183671,6191,"
      The Wind in the Willows
",0,undefined
264830,10389,"
      The Hiding Place: The Triumphant True Story of Corrie Ten Boom
",0,undefined
341072,11606,"
      The Screwtape Letters
",1,undefined
636854,9965,"
      Girl with a Pearl Earring
",0,undefined
381902,3019,"
      A Light in the Attic
",0,undefined
424803,22798,"
      Man's Search for Meaning
",0,undefined
473929,6106,"
      The Silence of the Lambs
",1,undefined
496358,23244,"
      City of Fallen Angels
",1,undefined
440503,23073,"
      Shiver
",1,undefined
571823,23736,"
      Uglies
",1,undefined
318975,10181,"
      She's Come Undone
",0,undefined
393621,10359,"
      Ella Enchanted
",1,undefined
706697,55357,"
      Cinder
",1,undefined
202418,6996,"
      The Phantom of the Opera
",1,undefined
446622,14205,"
      Marley and Me: Life and Love With the World's Worst Dog
",0,undefined
223357,14454,"
      The Wind-Up Bird Chronicle
",1,undefined
253885,8023,"
      The Green Mile
",1,undefined
801309,24112,"
      A Clash of Kings
",1,undefined
207989,16842,"
      Blindness
",1,undefined
160087,7203,"
      The Sound and the Fury
",0,undefined
549721,33265,"
      The Shack
",0,undefined
439981,14388,"
      Marked
",1,undefined
252400,6650,"
      For Whom the Bell Tolls
",0,undefined
303497,6585,"
      Fear and Loathing in Las Vegas
",0,undefined
625439,54688,"
      The Guernsey Literary and Potato Peel Pie Society
",0,undefined
195037,8828,"
      The House of the Spirits
",1,undefined
35628,1060,"
      The Complete Calvin and Hobbes
",1,undefined
2830557,29785,"
      The Diary of a Young Girl
",0,undefined
512905,13160,"
      Misery
",0,undefined
226800,15721,"
      Howl's Moving Castle
",1,undefined
148505,3522,"
      Roots: The Saga of an American Family
",0,undefined
278966,8182,"
      Stranger in a Strange Land
",0,undefined
298208,8473,"
      Island of the Blue Dolphins
",1,undefined
330369,24335,"
      The Secret History
",0,undefined
657107,29212,"
      The Girl Who Kicked the Hornet's Nest
",1,undefined
148525,9506,"
      Midnight Sun [2008 Draft]
",1,undefined
324224,7397,"
      White Oleander
",0,undefined
558463,28424,"
      Beautiful Disaster
",1,undefined
3927,214,"
      Flow Down Like Silver: Hypatia of Alexandria
",0,undefined
423979,26436,"
      Delirium
",1,undefined
954013,48881,"
      Paper Towns
",0,undefined
321169,6567,"
      Othello
",0,undefined
491698,23783,"
      Speak
",0,undefined
136829,5377,"
      The Idiot
",0,undefined
179868,3815,"
      The Vampire Lestat
",1,undefined
184318,4636,"
      King Lear
",0,undefined
103837,4058,"
      The Once and Future King
",1,undefined
291604,9168,"
      I Know This Much Is True
",0,undefined
899039,22065,"
      Into the Wild
",0,undefined
380982,12199,"
      Inkheart
",1,undefined
439632,23060,"
      Neverwhere
",1,undefined
201377,7938,"
      Uncle Tom's Cabin
",0,undefined
155077,11948,"
      Lamb: The Gospel According to Biff, Christ's Childhood Pal
",0,undefined
2394263,133766,"
      Gone Girl
",0,undefined
178611,3738,"
      The Complete Sherlock Holmes
",1,undefined
247120,16346,"
      The Historian
",0,undefined
9249,705,"
      Blood River: A Journey to Africa's Broken Heart
",0,undefined
224277,7933,"
      Candide
",0,undefined
389185,7203,"
      James and the Giant Peach
",0,undefined
159217,6108,"
      Invisible Man
",0,undefined
141210,3881,"
      Paradise Lost
",0,undefined
117740,4134,"
      All Creatures Great and Small
",1,undefined
91733,2693,"
      Leaves of Grass
",0,undefined
395674,22491,"
      Graceling
",1,undefined
259412,14628,"
      The Things They Carried
",0,undefined
50371,867,"
      The Complete Works
",0,undefined
420174,10090,"
      Foundation
",1,undefined
276962,23208,"
      The Thirteenth Tale
",0,undefined
360797,21753,"
      Norwegian Wood
",1,undefined
180665,4690,"
      Different Seasons
",0,undefined
422829,11333,"
      The Time Machine
",0,undefined
163243,3986,"
      The Cider House Rules
",0,undefined
317295,22203,"
      Kafka on the Shore
",1,undefined
174783,3997,"
      Heidi
",1,undefined
193750,6681,"
      Are You There God? It's Me, Margaret
",0,undefined
437961,20472,"
      City of Lost Souls
",1,undefined
206147,11282,"
      Sophie's World
",0,undefined
162608,5528,"
      Walden
",0,undefined
440785,22198,"
      The Wise Man's Fear
",1,undefined
594214,51816,"
      Fangirl
",0,undefined
952,135,"
      زندگی مه آلود پریا
",0,undefined
172888,7629,"
      The Awakening
",0,undefined
82469,2584,"
      Sophie's Choice
",0,undefined
487219,32407,"
      Never Let Me Go
",0,undefined
427757,16046,"
      The Son of Neptune
",1,undefined
196063,4309,"
      The Prince of Tides
",0,undefined
364576,42097,"
      A Court of Mist and Fury
",1,undefined
269505,6802,"
      Fried Green Tomatoes at the Whistle Stop Cafe
",1,undefined
896515,88662,"
      Ready Player One
",1,undefined
502665,18409,"
      Dead Until Dark
",1,undefined
760084,29210,"
      Fifty Shades Darker
",1,undefined
2408147,104735,"
      Mockingjay
",1,undefined
121172,3016,"
      The Monster at the End of this Book
",1,undefined
137489,7878,"
      Middlemarch
",0,undefined
295854,14361,"
      Things Fall Apart
",1,undefined
890667,9931,"
      Bridget Jones's Diary
",1,undefined
228930,10275,"
      Mrs. Dalloway
",0,undefined
188039,6776,"
      Franny and Zooey
",0,undefined
423796,13744,"
      The Magician's Nephew
",1,undefined
454528,17002,"
      The Mark of Athena
",1,undefined
81033,5307,"
      The Power of One
",1,undefined
717328,5491,"
      A Time to Kill
",1,undefined
368250,18883,"
      Stardust
",0,undefined
579095,11774,"
      The Lord of the Rings
",1,undefined
319598,21069,"
      The Way of Kings
",1,undefined
525287,19310,"
      The Gunslinger
",1,undefined
848495,66097,"
      Allegiant
",1,undefined
460997,13643,"
      Number the Stars
",0,undefined
309040,12642,"
      A Short History of Nearly Everything
",0,undefined
422863,29106,"
      Legend
",1,undefined
356362,13496,"
      Do Androids Dream of Electric Sheep?
",1,undefined
1190111,83565,"
      Me Before You
",1,undefined
886730,67210,"
      Eleanor & Park
",0,undefined
458393,39266,"
      The Art of Racing in the Rain
",0,undefined
244005,5007,"
      Black Beauty
",0,undefined
235845,5674,"
      Gulliver's Travels
",0,undefined
262472,8385,"
      The Hound of the Baskervilles
",1,undefined
765279,66899,"
      Wonder
",1,undefined
129766,5419,"
      A Portrait of the Artist as a Young Man
",0,undefined
726484,38611,"
      If I Stay
",1,undefined
450809,32118,"
      The Graveyard Book
",0,undefined
244352,15369,"
      Bel Canto
",0,undefined
325848,7957,"
      The Witches
",0,undefined
270136,5615,"
      V for Vendetta
",1,undefined
247879,10514,"
      American Psycho
",0,undefined
206855,5337,"
      Love You Forever
",0,undefined
30099,656,"
      The Complete Novels
",0,undefined
58300,3106,"
      القرآن الكريم
",0,undefined
157615,4801,"
      White Fang
",0,undefined
727596,26551,"
      Fifty Shades Freed
",1,undefined
419345,29014,"
      The Final Empire
",1,undefined
223982,5787,"
      Cold Mountain
",0,undefined
245233,6773,"
      Beowulf
",0,undefined
551153,22102,"
      Beautiful Creatures
",1,undefined
240092,9468,"
      Tuck Everlasting
",0,undefined
238832,10794,"
      Go Ask Alice
",0,undefined
295504,13183,"
      Dark Lover
",1,undefined
139248,5037,"
      Steppenwolf
",0,undefined
366709,9720,"
      Eldest
",1,undefined
402497,13013,"
      The Eye of the World
",1,undefined
143623,8154,"
      The Complete Maus
",1,undefined
224088,1351,"
      The Tell-Tale Heart and Other Writings
",0,undefined
138919,7628,"
      As I Lay Dying
",0,undefined
192920,7566,"
      A Separate Peace
",0,undefined
289054,10061,"
      Mansfield Park
",0,undefined
185778,11056,"
      The Amazing Adventures of Kavalier & Clay
",0,undefined
310532,9185,"
      Brisingr
",1,undefined
234659,18085,"
      Obsidian
",1,undefined
346783,42294,"
      Six of Crows
",1,undefined
436615,19952,"
      East of Eden
",0,undefined
384565,16018,"
      A Child Called ""It""
",1,undefined
302245,14748,"
      Stargirl
",1,undefined
222002,19626,"
      Cloud Atlas
",0,undefined
121519,5064,"
      Tao Te Ching
",0,undefined
547435,11560,"
      Dear John
",0,undefined
342386,10776,"
      'Salem's Lot
",0,undefined
841159,73701,"
      The Martian
",1,undefined
105964,6519,"
      Midnight's Children
",0,undefined
214875,8073,"
      The Martian Chronicles
",0,undefined
115142,4747,"
      The English Patient
",0,undefined
281586,11252,"
      Crescendo
",1,undefined
510423,12022,"
      The Last Song
",0,undefined
205586,8784,"
      Zen and the Art of Motorcycle Maintenance: An Inquiry Into Values
",1,undefined
301975,29571,"
      Shatter Me
",1,undefined
574055,3529,"
      The Firm
",0,undefined
174787,5102,"
      The Hunchback of Notre-Dame
",0,undefined
308252,10640,"
      The Amber Spyglass
",1,undefined
121246,7556,"
      My Ántonia
",1,undefined
84762,3262,"
      Doctor Zhivago
",0,undefined
252114,6832,"
      Robinson Crusoe
",1,undefined
146790,5014,"
      Inferno
",1,undefined
327673,9535,"
      Like Water for Chocolate
",1,undefined
728419,47379,"
      Room
",0,undefined
385993,10379,"
      The BFG
",0,undefined
293450,15144,"
      Dragonfly in Amber
",1,undefined
214392,10788,"
      Breakfast at Tiffany's and Three Stories
",0,undefined
226279,7089,"
      Breakfast of Champions
",0,undefined
256803,7442,"
      Harry Potter Series Box Set
",1,undefined
301550,24020,"
      City of Heavenly Fire
",1,undefined
101946,2505,"
      The Origin of Species
",0,undefined
321746,29534,"
      Daughter of Smoke & Bone
",1,undefined
268401,9824,"
      Evermore
",1,undefined
131943,9174,"
      A Fine Balance
",0,undefined
398334,13585,"
      The Strange Case of Dr. Jekyll and Mr. Hyde
",0,undefined
431871,38631,"
      11/22/63
",0,undefined
745978,13151,"
      Hamlet
",0,undefined
377748,10280,"
      The Subtle Knife
",1,undefined
229208,9076,"
      Midnight in the Garden of Good and Evil
",0,undefined
189989,4910,"
      Death of a Salesman
",0,undefined
179031,8606,"
      The Plague
",0,undefined
264369,4186,"
      A Streetcar Named Desire
",0,undefined
266814,8657,"
      The Prince
",0,undefined
75917,9081,"
      Infinite Jest
",0,undefined
343815,17908,"
      Snow Flower and the Secret Fan
",0,undefined
370946,29701,"
      Anna and the French Kiss
",1,undefined
205391,14532,"
      The Remains of the Day
",0,undefined
59268,1223,"
      Faust, First Part
",1,undefined
1005679,61657,"
      Miss Peregrine's Home for Peculiar Children
",1,undefined
638889,21939,"
      A Feast for Crows
",1,undefined
209162,9408,"
      The Angel Experiment
",1,undefined
164983,8459,"
      Flowers in the Attic
",1,undefined
667860,33213,"
      Matched
",1,undefined
1068430,77083,"
      All the Light We Cannot See
",0,undefined
274278,21838,"
      Hopeless
",1,undefined
131612,5099,"
      The Shipping News
",0,undefined
787502,46633,"
      Unbroken: A World War II Story of Survival, Resilience and Redemption
",0,undefined
126289,6418,"
      The Scarlet Pimpernel
",1,undefined
87427,4272,"
      The Chosen
",1,undefined
205636,14311,"
      Jonathan Strange & Mr Norrell
",0,undefined
3878,217,"
      Houdini Heart
",0,undefined
111249,9999,"
      Blood Meridian, or the Evening Redness in the West
",0,undefined
176023,5940,"
      High Fidelity
",0,undefined
508719,12016,"
      Artemis Fowl
",1,undefined
171844,3903,"
      Pippi Longstocking
",1,undefined
419366,15589,"
      The Tales of Beedle the Bard
",1,undefined
275859,15223,"
      The House of Hades
",1,undefined
174592,13600,"
      Shantaram
",1,undefined
233383,9700,"
      The Virgin Suicides
",0,undefined
173435,10351,"
      The Reader
",0,undefined
305324,16034,"
      Nineteen Minutes
",0,undefined
539175,33236,"
      The Devil in the White City: Murder, Magic, and Madness at the Fair That Changed America
",0,undefined
218310,12006,"
      Redeeming Love
",0,undefined
911485,41636,"
      The Host
",1,undefined
764265,17597,"
      The Grapes of Wrath
",0,undefined
141380,6957,"
      The Age of Innocence
",0,undefined
520746,49085,"
      A Court of Thorns and Roses
",1,undefined
531860,27355,"
      The Lost Symbol
",1,undefined
309017,13164,"
      Northanger Abbey
",0,undefined
270444,11946,"
      War and Peace
",0,undefined
244969,5550,"
      Betrayed
",1,undefined
164206,5754,"
      Waiting for Godot
",0,undefined
267212,9709,"
      Neuromancer
",1,undefined
125251,5970,"
      Dubliners
",0,undefined
163479,7019,"
      Lover Awakened
",1,undefined
403930,7089,"
      The Voyage of the Dawn Treader
",1,undefined
526277,4372,"
      Divine Secrets of the Ya-Ya Sisterhood
",1,undefined
43928,1176,"
      The Waste Land
",0,undefined
362113,29555,"
      Crown of Midnight
",1,undefined
167104,7937,"
      Everything Is Illuminated
",0,undefined
218164,3634,"
      Untamed
",1,undefined
566665,22388,"
      A Dance with Dragons
",1,undefined
299901,25428,"
      Heir of Fire
",1,undefined
281702,6906,"
      I, Robot
",1,undefined
421392,11187,"
      I Know Why the Caged Bird Sings
",1,undefined
137088,7727,"
      To the Lighthouse
",0,undefined
400994,29247,"
      The One
",1,undefined
534591,14667,"
      Carrie
",0,undefined
44005,1184,"
      The Twilight Collection
",1,undefined
130085,5890,"
      The Jungle
",0,undefined
191112,8767,"
      The Pearl
",0,undefined
58583,2644,"
      I, Claudius
",1,undefined
168109,4863,"
      Snow Falling on Cedars
",0,undefined
627999,17542,"
      Me Talk Pretty One Day
",0,undefined
263047,11027,"
      Voyager
",1,undefined
6437,112,"
      Una Historia de Ayer
",0,undefined
225200,4439,"
      Chosen
",1,undefined
153691,5850,"
      A Room with a View
",0,undefined
184579,5441,"
      The Exorcist
",1,undefined
229258,6647,"
      The Last Battle
",1,undefined
174478,3691,"
      The Republic
",1,undefined
99147,4317,"
      Bleak House
",0,undefined
500178,21834,"
      Coraline
",0,undefined
11691,40,"
      Worm Holes
",1,undefined
66341,269,"
      The Elephant Tree
",0,undefined
398473,29959,"
      The 5th Wave
",1,undefined
274883,35170,"
      Aristotle and Dante Discover the Secrets of the Universe
",1,undefined
75960,4301,"
      Demian: Die Geschichte von Emil Sinclairs Jugend
",0,undefined
437178,14660,"
      Pet Sematary
",0,undefined
171940,8380,"
      Bloodlines
",1,undefined
62356,1046,"
      The Arabian Nights
",0,undefined
232655,6608,"
      Wizard's First Rule
",1,undefined
146699,7501,"
      North and South
",0,undefined
213236,7953,"
      Torment
",1,undefined
198720,11965,"
      The Iron King
",1,undefined
78965,1148,"
      The Complete Poems of Emily Dickinson
",0,undefined
119920,3555,"
      Vanity Fair
",0,undefined
94340,4757,"
      Brideshead Revisited
",0,undefined
51519,3260,"
      Of Human Bondage
",0,undefined
7567,83,"
      Mistress Suffragette
",0,undefined
237473,8406,"
      The God Delusion
",0,undefined
450617,25874,"
      World War Z: An Oral History of the Zombie War
",1,undefined
240282,9349,"
      Snow Crash
",0,undefined
214301,9935,"
      A Great and Terrible Beauty
",1,undefined
459859,18312,"
      Bared to You
",1,undefined
250364,8175,"
      The War of the Worlds
",0,undefined
103358,3759,"
      The Witching Hour
",1,undefined
815259,28340,"
      City of Glass
",1,undefined
594878,45489,"
      Red Queen
",1,undefined
159282,6305,"
      The Summoning
",1,undefined
2731130,29453,"
      Angels & Demons
",1,undefined
34857,2313,"
      Johnny Got His Gun
",0,undefined
34857,2313,"
      Johnny Got His Gun
",,
318088,33562,"
      All the Bright Places
",0,undefined
65266,1118,"
      The Mortal Instruments Boxed Set: City of Bones; City of Ashes; City of Glass
",1,undefined
265273,5979,"
      2001: A Space Odyssey
",1,undefined
139771,7521,"
      Halfway to the Grave
",1,undefined
242877,10808,"
      Perfect Chemistry
",1,undefined
197604,18925,"
      Unwind
",1,undefined
383681,36135,"
      A Discovery of Witches
",1,undefined
155958,2810,"
      Trainspotting
",1,undefined
211394,8329,"
      The Truth About Forever
",0,undefined
235363,8153,"
      Just Listen
",0,undefined
214951,3565,"
      The Polar Express
",0,undefined
217301,2488,"
      Are You My Mother?
",0,undefined
113537,5488,"
      Cannery Row
",1,undefined
426371,29247,"
      Sarah's Key
",0,undefined
48991,3680,"
      Swann's Way
",1,undefined
217873,3835,"
      Much Ado About Nothing
",0,undefined
85496,5357,"
      Ishmael
",1,undefined
695355,10520,"
      The Return of the King
",1,undefined
55504,3684,"
      Acheron
",1,undefined
104186,5170,"
      Lady Chatterley's Lover
",0,undefined
448326,29806,"
      The Elite
",1,undefined
248586,8209,"
      Silence
",1,undefined
136197,4426,"
      Nine Stories
",0,undefined
535405,18935,"
      Persuasion
",0,undefined
317952,15898,"
      I Am Number Four
",1,undefined
341246,25694,"
      Cutting for Stone
",0,undefined
249411,5752,"
      Dead to the World
",1,undefined
405058,13976,"
      Into Thin Air: A Personal Account of the Mount Everest Disaster
",0,undefined
156240,16100,"
      The Unbecoming of Mara Dyer
",1,undefined
50094,1324,"
      You Are Special
",1,undefined
131629,6149,"
      Far From the Madding Crowd
",0,undefined
170699,15776,"
      Angelfall
",1,undefined
259838,4514,"
      Little House on the Prairie
",1,undefined
283206,7820,"
      The Horse and His Boy
",1,undefined
67817,7705,"
      The Bronze Horseman
",1,undefined
190784,7801,"
      Sabriel
",1,undefined
65465,224,"
      The Zombie Room
",0,undefined
20478,609,"
      Being and Time
",0,undefined
86146,8653,"
      I Capture the Castle
",0,undefined
629990,20424,"
      A Christmas Carol
",0,undefined
136750,10072,"
      The Goose Girl
",1,undefined
154049,16714,"
      The Darkest Minds
",1,undefined
259182,22265,"
      Queen of Shadows
",1,undefined
309288,17375,"
      The Last Lecture
",0,undefined
157282,3837,"
      Twelfth Night
",0,undefined
143275,16170,"
      Ignite Me
",1,undefined
126260,5142,"
      The Hours
",0,undefined
113240,2582,"
      The Glass Menagerie
",0,undefined
129844,5726,"
      Invisible Monsters
",0,undefined
158763,7117,"
      Wicked Lovely
",1,undefined
410125,17066,"
      The Bad Beginning
",1,undefined
237533,6038,"
      Little House in the Big Woods
",1,undefined
342912,8652,"
      P.S. I Love You
",1,undefined
205477,11536,"
      World Without End
",1,undefined
212651,8220,"
      Drums of Autumn
",1,undefined
491116,51517,"
      We Were Liars
",0,undefined
195145,8500,"
      Hyperion
",1,undefined
167065,3529,"
      Hunted
",1,undefined
100086,4549,"
      The Last Unicorn
",1,undefined
160064,3856,"
      The Merchant of Venice
",0,undefined
282084,31447,"
      The Raven Boys
",1,undefined
738449,61917,"
      The Goldfinch
",0,undefined
213178,16347,"
      Slammed
",1,undefined
330671,13278,"
      The Red Pyramid
",1,undefined
136163,6526,"
      The Bean Trees
",1,undefined
229260,7925,"
      Speaker for the Dead
",1,undefined
153475,8179,"
      No Country for Old Men
",0,undefined
72691,2110,"
      Cyrano de Bergerac
",0,undefined
257019,30975,"
      The Song of Achilles
",0,undefined
162326,10893,"
      Interpreter of Maladies
",0,undefined
171166,10865,"
      The Westing Game
",0,undefined
172282,4475,"
      Julius Caesar
",1,undefined
59559,2656,"
      All the King's Men
",0,undefined
150197,5445,"
      Anne of Avonlea
",1,undefined
175258,6656,"
      Lover Eternal
",1,undefined
82256,7903,"
      Peace Like a River
",0,undefined
116058,13352,"
      A Dog's Purpose
",1,undefined
5237,36,"
      Finding Hope in the Darkness of Grief: Spiritual Insights Expressed Through Art, Poetry and Prose
",0,undefined
342289,11391,"
      The Art of War
",0,undefined
169005,14008,"
      We Need to Talk About Kevin
",0,undefined
216695,34584,"
      A Monster Calls
",0,undefined
246193,5554,"
      The Silver Chair
",1,undefined
738989,11161,"
      The Two Towers
",1,undefined
85742,4455,"
      The Wasp Factory
",0,undefined
148534,11894,"
      Poison Study
",1,undefined
45679,2480,"
      Mythology
",0,undefined
139520,2303,"
      The Queen of the Damned
",1,undefined
361034,12757,"
      The Secret
",1,undefined
459418,26265,"
      The Scorch Trials
",1,undefined
223408,10260,"
      Inheritance
",1,undefined
94215,4339,"
      One Day in the Life of Ivan Denisovich
",0,undefined
124557,10309,"
      The Eyre Affair
",1,undefined
207143,3879,"
      Left Behind
",1,undefined
300957,20469,"
      Before I Fall
",0,undefined
158554,16989,"
      The Knife of Never Letting Go
",1,undefined
109033,3490,"
      The Talisman
",1,undefined
975464,17234,"
      Sense and Sensibility
",0,undefined
565314,19416,"
      The Memory Keeper's Daughter
",0,undefined
261106,20129,"
      Where She Went
",1,undefined
358383,7443,"
      Prince Caspian
",1,undefined
182358,10889,"
      Gone
",1,undefined
91491,3895,"
      Native Son
",0,undefined
99376,6762,"
      Shadowfever
",1,undefined
993021,29682,"
      Night
",1,undefined
76157,4870,"
      The Killer Angels
",1,undefined
148801,4464,"
      Seabiscuit: An American Legend
",0,undefined
161395,10571,"
      Darkfever
",1,undefined
123721,11069,"
      The History of Love
",0,undefined
60561,3397,"
      Foucault's Pendulum
",0,undefined
39769,3260,"
      Gravity's Rainbow
",0,undefined
137836,7953,"
      The Blind Assassin
",0,undefined
74464,4446,"
      Possession
",0,undefined
322760,31047,"
      Scarlet
",1,undefined
218214,13095,"
      Words of Radiance
",1,undefined
120289,4975,"
      I Am Legend and Other Stories
",0,undefined
402065,4766,"
      The Bourne Identity
",1,undefined
126989,4118,"
      House of Sand and Fog
",0,undefined
214718,27733,"
      Crooked Kingdom
",1,undefined
235549,10368,"
      Pretties
",1,undefined
198867,5816,"
      A People's History of the United States
",0,undefined
76473,6221,"
      If on a Winter's Night a Traveler
",0,undefined
248840,9923,"
      A Wizard of Earthsea
",1,undefined
314419,9191,"
      A Brief History of Time
",0,undefined
173849,3452,"
      Oedipus Rex
",1,undefined
124299,9504,"
      The Left Hand of Darkness
",1,undefined
120326,5051,"
      Alanna: The First Adventure
",1,undefined
80106,2053,"
      Rosencrantz and Guildenstern Are Dead
",0,undefined
491510,14981,"
      One for the Money
",1,undefined
320796,6413,"
      John Adams
",0,undefined
122129,4956,"
      Lover Unbound
",1,undefined
262115,24210,"
      I'll Give You the Sun
",0,undefined
173427,16314,"
      The Haunting of Hill House
",0,undefined
155152,4117,"
      Watchers
",0,undefined
208507,18273,"
      1Q84
",1,undefined
112297,2255,"
      The Night Before Christmas
",0,undefined
285004,26995,"
      Cress
",1,undefined
171922,15533,"
      Champion
",1,undefined
241993,10200,"
      Assassin's Apprentice
",1,undefined
80881,2247,"
      The Yellow Wallpaper and Other Stories
",0,undefined
143075,5556,"
      A Breath of Snow and Ashes
",1,undefined
48421,2939,"
      The Magus
",0,undefined
96928,2429,"
      Night Watch
",1,undefined
479821,37275,"
      Inferno
",1,undefined
226385,13703,"
      Oryx and Crake
",1,undefined
178855,8245,"
      Veronika Decides to Die
",1,undefined
154748,3429,"
      Tempted
",1,undefined
177343,7332,"
      The Fiery Cross
",1,undefined
174393,9219,"
      A Heartbreaking Work of Staggering Genius
",0,undefined
177327,7526,"
      I'd Tell You I Love You, But Then I'd Have to Kill You
",1,undefined
634011,7454,"
      The Sisterhood of the Traveling Pants
",1,undefined
19814,205,"
      Brainwalker
",0,undefined
77785,2844,"
      Corelli's Mandolin
",0,undefined
70485,3663,"
      Jitterbug Perfume
",0,undefined
100288,6331,"
      Prodigal Summer
",0,undefined
232692,15068,"
      The Lies of Locke Lamora
",1,undefined
39457,2320,"
      The Magic Mountain
",0,undefined
58073,2177,"
      Papillon
",1,undefined
76600,6032,"
      The Book of Mormon: Another Testament of Jesus Christ
",0,undefined
734488,66235,"
      The Nightingale
",0,undefined
95278,1750,"
      Howl and Other Poems
",0,undefined
768161,29581,"
      City of Ashes
",1,undefined
130574,5839,"
      The Big Sleep
",1,undefined
192704,7190,"
      From the Mixed-Up Files of Mrs. Basil E. Frankweiler
",0,undefined
118178,4844,"
      The Sirens of Titan
",0,undefined
152803,18179,"
      The Elegance of the Hedgehog
",0,undefined
119300,3239,"
      Cosmos
",0,undefined
5095,27,"
      Matching Configurations
",1,undefined
24540,1025,"
      Grimm's Fairy Tales
",1,undefined
254900,7534,"
      Odd Thomas
",1,undefined
216473,4359,"
      Message in a Bottle
",0,undefined
69383,3828,"
      Bury My Heart at Wounded Knee: An Indian History of the American West
",0,undefined
207583,15426,"
      Prodigy
",1,undefined
203325,7128,"
      Twenty Thousand Leagues Under the Sea
",1,undefined
235995,11484,"
      The No. 1 Ladies' Detective Agency
",1,undefined
218816,28056,"
      Carry On
",1,undefined
45313,1844,"
      The Power of Myth
",1,undefined
95796,4908,"
      Glass Houses
",1,undefined
156187,7361,"
      The Alienist
",1,undefined
123799,4627,"
      Lover Revealed
",1,undefined
53270,2847,"
      Love Story
",1,undefined
179227,9613,"
      The Bluest Eye
",0,undefined
656118,12491,"
      Confessions of a Shopaholic
",1,undefined
88799,2468,"
      Ivanhoe
",1,undefined
55553,4524,"
      Angle of Repose
",0,undefined
225789,5524,"
      Club Dead
",1,undefined
8782,25,"
      Quantum Roots
",1,undefined
669094,19107,"
      Emma
",0,undefined
142394,11283,"
      The Edge of Never
",1,undefined
6628,34,"
      The Awakening: Fate in Motion
",0,undefined
725746,16510,"
      Freakonomics: A Rogue Economist Explores the Hidden Side of Everything
",1,undefined
156754,5274,"
      Ender's Shadow
",1,undefined
154549,6981,"
      Walk Two Moons
",0,undefined
95745,3274,"
      The Shell Seekers
",0,undefined
106396,4035,"
      Lover Avenged
",1,undefined
109357,8634,"
      Princess Academy
",1,undefined
108169,2822,"
      The Aeneid
",0,undefined
519866,39482,"
      To All the Boys I've Loved Before
",1,undefined
95920,4845,"
      A Canticle for Leibowitz
",1,undefined
537725,60243,"
      The Hate U Give
",1,undefined
240219,7002,"
      Living Dead in Dallas
",1,undefined
159619,9519,"
      The Corrections
",0,undefined
138124,6214,"
      The Witch of Blackbird Pond
",0,undefined
133322,9299,"
      Anthem
",0,undefined
187120,12946,"
      The Omnivore's Dilemma: A Natural History of Four Meals
",0,undefined
263047,15005,"
      Under the Dome
",0,undefined
177862,15994,"
      Unravel Me
",1,undefined
20813,933,"
      Collected Fictions
",0,undefined
117610,10091,"
      Rubinrot
",1,undefined
87914,3938,"
      Song of Solomon
",0,undefined
346608,23138,"
      The Death Cure
",1,undefined
134855,2590,"
      The Story of My Life
",0,undefined
570099,9514,"
      Digital Fortress
",0,undefined
84346,1114,"
      The Jungle Books
",1,undefined
104126,7194,"
      Something Wicked This Way Comes
",1,undefined
291364,17554,"
      One Day
",0,undefined
688623,11506,"
      Macbeth
",0,undefined
17431,82,"
      Shot Down: The True Story of Pilot Howard Snyder and the Crew of the B-17 Susan Ruth
",0,undefined
641975,15983,"
      How to Win Friends and Influence People
",0,undefined
156123,9626,"
      Linger
",1,undefined
2187130,111128,"
      The Girl on the Train
",0,undefined
61209,5887,"
      Geek Love
",0,undefined
74242,2881,"
      The Portrait of a Lady
",0,undefined
100303,5365,"
      Cryptonomicon
",0,undefined
80297,3237,"
      Howards End
",0,undefined
65381,3259,"
      Jude the Obscure
",0,undefined
211543,9171,"
      Because of Winn-Dixie
",0,undefined
165941,10370,"
      Fire
",1,undefined
107397,6310,"
      Hard-Boiled Wonderland and the End of the World
",0,undefined
225426,5702,"
      Holy Bible: King James Version
",0,undefined
36371,2777,"
      My Name Is Asher Lev
",1,undefined
276298,16414,"
      The Hero of Ages
",1,undefined
169757,2830,"
      One Fish, Two Fish, Red Fish, Blue Fish
",0,undefined
493741,48563,"
      The Ocean at the End of the Lane
",0,undefined
216999,10757,"
      It's Kind of a Funny Story
",0,undefined
138452,6691,"
      Death on the Nile
",1,undefined
117630,3887,"
      The Moon Is a Harsh Mistress
",0,undefined
258269,25685,"
      Red Rising
",1,undefined
237457,12123,"
      The Namesake
",0,undefined
210102,20594,"
      Empire of Storms
",1,undefined
50630,2609,"
      Ficciones
",0,undefined
300839,27710,"
      Still Alice
",0,undefined
189107,6106,"
      Choke
",0,undefined
167823,14993,"
      The Invention of Hugo Cabret
",0,undefined
323909,9870,"
      The Color of Magic
",1,undefined
457655,24318,"
      An Abundance of Katherines
",0,undefined
62675,5089,"
      Battle Royale
",0,undefined
196569,5730,"
      Starship Troopers
",0,undefined
193882,19517,"
      The Passage
",1,undefined
117176,5546,"
      Mary Poppins
",1,undefined
144840,8463,"
      Finale
",1,undefined
43260,4136,"
      Gift from the Sea
",0,undefined
89035,4518,"
      The Sorrows of Young Werther
",0,undefined
107756,2965,"
      Antigone
",1,undefined
109963,3347,"
      The Awakening
",1,undefined
58336,4767,"
      Dandelion Wine
",1,undefined
109870,3656,"
      Survivor
",0,undefined
81104,6758,"
      Revolutionary Road
",0,undefined
100612,2979,"
      Small Gods
",1,undefined
111580,3628,"
      The Reckoning
",1,undefined
141892,14281,"
      I Am the Messenger
",0,undefined
47906,727,"
      The Poetry of Robert Frost
",0,undefined
110813,5538,"
      Ethan Frome
",0,undefined
89228,3254,"
      Nausea
",0,undefined
98377,4051,"
      Cold Sassy Tree
",0,undefined
228857,18027,"
      On Writing: A Memoir of the Craft
",0,undefined
60450,2460,"
      Forrest Gump
",1,undefined
2847,244,"
      The Trigger: Hunting the Assassin Who Brought the World to War
",0,undefined
890,220,"
      گم شده ای در مه
",0,undefined
168918,8512,"
      Shutter Island
",0,undefined
65733,7370,"
      The Sparrow
",1,undefined
92106,1847,"
      Exodus
",0,undefined
928712,51780,"
      The Glass Castle
",0,undefined
543607,10775,"
      The 7 Habits of Highly Effective People: Powerful Lessons in Personal Change
",0,undefined
169053,11927,"
      Walking Disaster
",1,undefined
116105,4974,"
      Tender Is the Night
",0,undefined
83218,4561,"
      The Bridges of Madison County
",0,undefined
194780,18652,"
      The Forgotten Garden
",0,undefined
237349,5964,"
      The Restaurant at the End of the Universe
",1,undefined
188652,7059,"
      Around the World in Eighty Days
",1,undefined
145643,8310,"
      Gabriel's Inferno
",1,undefined
91998,4862,"
      Dreamfever
",1,undefined
58823,1721,"
      The Hotel New Hampshire
",0,undefined
302644,33170,"
      Simon vs. the Homo Sapiens Agenda
",1,undefined
171784,7987,"
      Specials
",1,undefined
109464,6432,"
      The Golden Lily
",1,undefined
94390,5810,"
      Wild Swans: Three Daughters of China
",0,undefined
45343,5551,"
      The Gargoyle
",1,undefined
58620,4276,"
      Daughter of the Forest
",1,undefined
57751,2358,"
      Illusions: The Adventures of a Reluctant Messiah
",1,undefined
202480,5146,"
      Mort
",1,undefined
227409,11779,"
      A Million Little Pieces
",0,undefined
194271,4052,"
      Definitely Dead
",1,undefined
102088,4420,"
      Kane and Abel
",1,undefined
211117,15816,"
      The Blood of Olympus
",1,undefined
313885,10414,"
      Reflected in You
",1,undefined
132378,3833,"
      Mystic River
",0,undefined
78512,9719,"
      The Sea of Tranquility
",1,undefined
39188,2194,"
      Absalom, Absalom!
",0,undefined
44784,2676,"
      Pale Fire
",0,undefined
151100,5866,"
      The Dark Tower
",1,undefined
93934,13723,"
      The Story of Edgar Sawtelle
",0,undefined
95813,3820,"
      One Foot in the Grave
",1,undefined
104395,4301,"
      Lover Mine
",1,undefined
209268,4076,"
      Dead as a Doornail
",1,undefined
48544,1873,"
      The Millennium Trilogy (Millennium Trilogy, #1-3)
",1,undefined
279967,27874,"
      A Court of Wings and Ruin
",1,undefined
550279,35588,"
      Sapiens: A Brief History of Humankind
",0,undefined
1588,166,"
      Chasing the Devil: The Search for Africa's Fighting Spirit
",0,undefined
146086,3248,"
      Burned
",1,undefined
134787,5707,"
      Guilty Pleasures
",1,undefined
251436,11286,"
      The City of Ember
",1,undefined
2437,194,"
      انتحار فاشل
",0,undefined
63521,4076,"
      Orlando
",0,undefined
2095,142,"
      العصبي
",0,undefined
57157,1254,"
      Requiem for a Dream
",0,undefined
127729,8285,"
      Crank
",1,undefined
333422,34287,"
      Shadow and Bone
",1,undefined
127889,9431,"
      Opal
",1,undefined
340447,3168,"
      The Hunt for Red October
",1,undefined
340447,3168,"
      The Hunt for Red October
",,
64732,2334,"
      Holy Bible: New International Version
",0,undefined
331114,10184,"
      The Lucky One
",0,undefined
331114,10184,"
      The Lucky One
",,
48852,7014,"
      84, Charing Cross Road
",0,undefined
136787,11357,"
      House of Leaves
",0,undefined
86245,4693,"
      The House of Mirth
",0,undefined
220958,14765,"
      Pandemonium
",1,undefined
76797,3267,"
      The Fall
",0,undefined
85707,3590,"
      Naked Lunch
",0,undefined
82198,2035,"
      The Agony and the Ecstasy
",0,undefined
14850,1402,"
      How Green Was My Valley
",0,undefined
73369,2937,"
      The Bonfire of the Vanities
",0,undefined
62688,1917,"
      Factotum
",0,undefined
131187,7445,"
      The Long Walk
",0,undefined
75290,2857,"
      Still Life with Woodpecker
",0,undefined
96999,3126,"
      A Connecticut Yankee in King Arthur's Court
",0,undefined
61673,2179,"
      Night World, No. 1
",1,undefined
74459,5256,"
      Beauty: A Retelling of the Story of Beauty and the Beast
",1,undefined
240197,3759,"
      Where the Heart Is
",0,undefined
180434,19694,"
      Ugly Love
",1,undefined
352223,18386,"
      A Walk in the Woods: Rediscovering America on the Appalachian Trail
",1,undefined
73966,4750,"
      We
",0,undefined
341956,18443,"
      Will Grayson, Will Grayson
",1,undefined
141436,6168,"
      The Wedding
",1,undefined
32636,1949,"
      Journey to the End of the Night
",1,undefined
706871,45727,"
      Sharp Objects
",0,undefined
134637,9473,"
      Thoughtless
",1,undefined
93681,4571,"
      Bitten
",1,undefined
138781,10026,"
      Fablehaven
",1,undefined
121103,8262,"
      A Moveable Feast
",0,undefined
35801,2618,"
      On the Beach
",0,undefined
31641,1021,"
      Lunar Park
",0,undefined
43787,2942,"
      Beach Music
",0,undefined
21074,1266,"
      Sometimes a Great Notion
",0,undefined
162034,11396,"
      The Murder of Roger Ackroyd
",1,undefined
86132,1333,"
      Shakespeare's Sonnets
",1,undefined
218499,11755,"
      Easy
",1,undefined
172581,5123,"
      This Lullaby
",0,undefined
276368,10307,"
      The Pact
",0,undefined
114026,5190,"
      Roll of Thunder, Hear My Cry
",1,undefined
601864,9605,"
      Deception Point
",0,undefined
177265,3753,"
      From Dead to Worse
",1,undefined
92906,4692,"
      Faefever
",1,undefined
152213,10460,"
      Onyx
",1,undefined
309264,12515,"
      The 5 Love Languages: The Secret to Love that Lasts
",0,undefined
176997,4527,"
      Dead and Gone
",1,undefined
85814,3745,"
      Fantasy Lover
",1,undefined
76441,5118,"
      Wings
",1,undefined
189410,3640,"
      All Together Dead
",1,undefined
234489,19572,"
      The Brief Wondrous Life of Oscar Wao
",0,undefined
83120,3981,"
      The Awakening / The Struggle
",1,undefined
151466,6036,"
      Passion
",1,undefined
359786,7477,"
      The Iliad
",1,undefined
227068,33022,"
      A Little Life
",0,undefined
89562,6369,"
      Disgrace
",0,undefined
300081,12287,"
      The Fountainhead
",0,undefined
77172,6199,"
      Into the Wild
",1,undefined
229462,22669,"
      Call Me By Your Name
",1,undefined
76304,3658,"
      Silas Marner
",0,undefined
199826,20773,"
      Every Day
",1,undefined
171387,6097,"
      Wizard and Glass
",1,undefined
55161,1177,"
      The Rime of the Ancient Mariner
",0,undefined
132631,6810,"
      Meditations
",0,undefined
55448,2015,"
      The Bhagavad Gita
",0,undefined
222751,7946,"
      The Drawing of the Three
",1,undefined
339840,13889,"
      Safe Haven
",0,undefined
66917,10529,"
      These Is My Words: The Diary of Sarah Agnes Prine, 1881-1901, Arizona Territories
",1,undefined
595317,36071,"
      Dark Places
",0,undefined
128336,7753,"
      The Ruins of Gorlan
",1,undefined
51752,1982,"
      The Horse Whisperer
",0,undefined
92505,5033,"
      The Maltese Falcon
",0,undefined
5722,332,"
      The Man Without Qualities
",1,undefined
58017,5906,"
      Tiger's Curse
",1,undefined
19228,575,"
      Skagboys
",1,undefined
134104,5511,"
      Childhood's End
",0,undefined
37162,3001,"
      The Razor's Edge
",0,undefined
114757,3633,"
      Thus Spoke Zarathustra
",0,undefined
297197,15649,"
      The Well of Ascension
",1,undefined
137077,8435,"
      Hex Hall
",1,undefined
187967,6953,"
      Along for the Ride
",0,undefined
95307,6270,"
      All the Pretty Horses
",1,undefined
193655,23981,"
      An Ember in the Ashes
",1,undefined
107753,3878,"
      Redwall
",1,undefined
113333,4943,"
      Dead Witch Walking
",1,undefined
87994,5101,"
      White Noise
",0,undefined
277714,2154,"
      The Runaway Jury
",0,undefined
57193,2591,"
      Light in August
",0,undefined
87064,1843,"
      The Story of Ferdinand
",0,undefined
123750,7808,"
      Unearthly
",1,undefined
162732,5124,"
      The Guardian
",0,undefined
1028,120,"
      Walks Away Woman
",0,undefined
40188,1400,"
      The Far Pavilions
",0,undefined
71481,3258,"
      A Passage to India
",0,undefined
171851,9099,"
      Beastly
",1,undefined
179542,11829,"
      The Man in the High Castle
",0,undefined
141148,4886,"
      Suzanne's Diary for Nicholas
",0,undefined
138738,3978,"
      A Bend in the Road
",0,undefined
111950,3329,"
      The Pilgrim's Progress
",1,undefined
794657,9272,"
      The Devil Wears Prada
",1,undefined
94734,6054,"
      The Indigo Spell
",1,undefined
83041,2804,"
      At Grave's End
",1,undefined
134891,4952,"
      Blue Bloods
",1,undefined
144916,13734,"
      The Assassin's Blade
",1,undefined
151238,6911,"
      Eleven Minutes
",0,undefined
108383,4143,"
      A Doll's House
",0,undefined
153333,3431,"
      The Taming of the Shrew
",0,undefined
175871,4289,"
      The Tempest
",0,undefined
335101,11196,"
      A Study in Scarlet
",1,undefined
91506,5846,"
      The Dispossessed
",1,undefined
42459,2322,"
      Smilla's Sense of Snow
",0,undefined
40260,929,"
      Songs of Innocence and of Experience
",0,undefined
91413,2688,"
      The Last of the Mohicans
",1,undefined
2142,64,"
      Love is the Answer, God is the Cure: A True Story of Abuse, Betrayal and Unconditional Love
",0,undefined
3990,190,"
      The Past
",1,undefined
198327,10099,"
      Anansi Boys
",1,undefined
142317,5501,"
      Lock and Key
",0,undefined
107451,4319,"
      Lover Enshrined
",1,undefined
357668,12655,"
      Running with Scissors
",0,undefined
111327,5571,"
      The Great Divorce
",0,undefined
43758,1874,"
      Gödel, Escher, Bach: An Eternal Golden Braid
",0,undefined
93882,6060,"
      Let the Right One In
",0,undefined
80650,2586,"
      Hogfather
",1,undefined
54392,9433,"
      Forbidden
",0,undefined
401233,2567,"
      The Client
",0,undefined
69440,3257,"
      Birdsong: A Novel of Love and War
",1,undefined
317247,14509,"
      Hatchet
",1,undefined
302667,16613,"
      Storm Front
",1,undefined
123819,14515,"
      We Have Always Lived in the Castle
",0,undefined
63256,1580,"
      Magician
",1,undefined
50519,3497,"
      Valley of the Dolls
",0,undefined
142585,8927,"
      Point of Retreat
",1,undefined
5594,39,"
      Crossroads and the Himalayan Crystals
",1,undefined
114878,10347,"
      Across the Universe
",1,undefined
81753,5106,"
      Nightshade
",1,undefined
170845,21583,"
      Between Shades of Gray
",0,undefined
126209,10646,"
      The Mysterious Benedict Society
",1,undefined
3113,45,"
      Unblinded: One Man’s Courageous Journey through Darkness to Sight
",0,undefined
78321,2237,"
      The Kitchen God's Wife
",0,undefined
99266,4956,"
      The Iron Queen
",1,undefined
167426,2085,"
      Animal Farm / 1984
",0,undefined
85027,5913,"
      Fingersmith
",0,undefined
124446,3528,"
      Dirk Gently's Holistic Detective Agency
",1,undefined
90,78,"
      To Live and Die in Fantasyland
",1,undefined
56422,3662,"
      Swan Song
",0,undefined
214042,27402,"
      A Darker Shade of Magic
",1,undefined
52477,1430,"
      Eugene Onegin
",0,undefined
185953,10841,"
      The Short Second Life of Bree Tanner
",1,undefined
77503,3299,"
      Evernight
",1,undefined
398477,39104,"
      Everything, Everything
",0,undefined
52114,1568,"
      The Winds of War
",1,undefined
59188,3850,"
      The Collector
",0,undefined
88946,3922,"
      Cry Wolf
",1,undefined
75387,1683,"
      Memnoch the Devil
",1,undefined
127902,4098,"
      Helter Skelter: The True Story of the Manson Murders
",0,undefined
22364,1497,"
      A River Runs Through it and Other Stories
",0,undefined
193251,4714,"
      Timeline
",0,undefined
53329,2478,"
      Twenty Love Poems and a Song of Despair
",0,undefined
171325,9261,"
      On Dublin Street
",1,undefined
230235,23982,"
      The Absolutely True Diary of a Part-Time Indian
",0,undefined
120511,5684,"
      The Iron Daughter
",1,undefined
83123,3881,"
      Rules of Attraction
",1,undefined
41312,586,"
      Percy Jackson and the Olympians
",1,undefined
92605,2330,"
      The Stinky Cheese Man and Other Fairly Stupid Tales
",0,undefined
113551,3340,"
      School's Out—Forever
",1,undefined
79333,2480,"
      The Valley of Horses
",1,undefined
87779,2719,"
      Saving the World and Other Extreme Sports
",1,undefined
91667,3207,"
      A Scanner Darkly
",0,undefined
203442,25041,"
      Winter
",1,undefined
127346,8068,"
      For One More Day
",0,undefined
89813,3795,"
      Blue Moon
",1,undefined
66231,3333,"
      Tropic of Cancer
",1,undefined
127216,3251,"
      Awakened
",1,undefined
8386,81,"
      Unparalleled
",0,undefined
64690,4540,"
      Invisible Cities
",0,undefined
75054,4161,"
      Kushiel's Dart
",1,undefined
93924,2048,"
      This Present Darkness
",1,undefined
81012,1656,"
      Go, Dog. Go!
",0,undefined
73307,4560,"
      The Crying of Lot 49
",0,undefined
602925,35019,"
      The Immortal Life of Henrietta Lacks
",0,undefined
158145,5618,"
      Journey to the Center of the Earth
",1,undefined
199197,3599,"
      Life, the Universe and Everything
",1,undefined
256782,6252,"
      Maus: Un survivant raconte, tome 1: Mon père saigne l'histoire
",1,undefined
127353,8376,"
      The Complete Persepolis
",1,undefined
80847,6671,"
      Practical Magic
",1,undefined
96351,5251,"
      Bloodfever
",1,undefined
152351,5180,"
      The Way of Shadows
",1,undefined
8903,422,"
      Tales of H.P. Lovecraft
",0,undefined
38822,1826,"
      The Tin Drum
",1,undefined
55437,3280,"
      Momo
",0,undefined
111170,8713,"
      The Turn of the Screw
",0,undefined
176724,18204,"
      Lady Midnight
",1,undefined
132893,15833,"
      The Forty Rules of Love
",0,undefined
49850,3608,"
      A Town Like Alice
",0,undefined
84935,6402,"
      Half-Blood
",1,undefined
93400,6890,"
      Switched
",1,undefined
61743,3060,"
      Fall on Your Knees
",0,undefined
38555,4091,"
      Zorba the Greek
",0,undefined
56908,4393,"
      Till We Have Faces
",0,undefined
85204,9982,"
      Archer's Voice
",0,undefined
92571,2098,"
      Stones from the River
",1,undefined
7527,21,"
      More Than Love, A Husband's Tale
",0,undefined
112683,8132,"
      Forever
",1,undefined
29632,1349,"
      Germinal
",1,undefined
114484,4129,"
      Inkspell
",1,undefined
92972,7644,"
      Origin
",1,undefined
89173,4495,"
      Ubik
",0,undefined
109753,6704,"
      A Dirty Job
",1,undefined
580098,26372,"
      Outliers: The Story of Success
",0,undefined
166988,10148,"
      The Tale of Despereaux
",0,undefined
131976,6569,"
      Chronicle of a Death Foretold
",0,undefined
139062,3788,"
      Jaws
",1,undefined
143201,1471,"
      Brave New World / Brave New World Revisited
",0,undefined
169610,6127,"
      The Throne of Fire
",1,undefined
123086,7963,"
      A Room of One's Own
",0,undefined
28798,2418,"
      The Waves
",0,undefined
309244,28428,"
      And the Mountains Echoed
",0,undefined
142799,10385,"
      Year of Wonders
",0,undefined
79963,3250,"
      Mother Night
",0,undefined
33485,1328,"
      The Decameron
",0,undefined
107466,11984,"
      Stoner
",0,undefined
106567,5567,"
      The Color of Water: A Black Man's Tribute to His White Mother
",0,undefined
11074,184,"
      The Time Quartet Box Set
",1,undefined
66730,5222,"
      Starcrossed
",1,undefined
4464,44,"
      Dodging Satan: My Irish/Italian, Sometimes Awesome, But Mostly Creepy, Childhood
",0,undefined
169319,3950,"
      The Rescue
",0,undefined
10655,1009,"
      The Tale of Genji
",1,undefined
113721,4510,"
      Empire Falls
",0,undefined
155071,4556,"
      Nights in Rodanthe
",0,undefined
79861,2695,"
      Destined for an Early Grave
",1,undefined
94514,3642,"
      The Red Badge of Courage
",0,undefined
96079,2483,"
      Harriet the Spy
",1,undefined
84547,2265,"
      Hearts in Atlantis
",0,undefined
2010,12,"
      Exotic Neurotic
",0,undefined
71317,6216,"
      The Beekeeper's Apprentice
",1,undefined
280889,5213,"
      Red Dragon
",1,undefined
214759,4218,"
      Needful Things
",0,undefined
171089,9074,"
      The Blade Itself
",1,undefined
1088017,93740,"
      Where the Crawdads Sing
",0,undefined
99834,2343,"
      The Accidental Tourist
",0,undefined
597513,67219,"
      A Man Called Ove
",0,undefined
162042,8637,"
      Fallen Too Far
",1,undefined
52335,3303,"
      The Quiet American
",0,undefined
219553,4274,"
      The Dragon Reborn
",1,undefined
107045,3272,"
      Going Postal
",1,undefined
85754,8599,"
      The Evolution of Mara Dyer
",1,undefined
5640,26,"
      Pleasant Day
",0,undefined
153801,7714,"
      The Choice
",0,undefined
163256,3526,"
      Batman: The Dark Knight Returns
",1,undefined
114016,6719,"
      Alias Grace
",0,undefined
186193,9136,"
      Pretty Little Liars
",1,undefined
41912,560,"
      The Raven and Other Poems
",0,undefined
295747,22444,"
      Before I Go to Sleep
",0,undefined
47415,6946,"
      On the Jellicoe Road
",0,undefined
1356473,47312,"
      Breaking Dawn
",1,undefined
91443,3578,"
      The Day of the Triffids
",1,undefined
101667,1610,"
      The Complete Anne of Green Gables Boxed Set
",1,undefined
145780,8503,"
      The Alchemyst
",1,undefined
58139,2090,"
      The Red and the Black
",0,undefined
121839,10471,"
      The Angel's Game
",1,undefined
31689,2287,"
      Hopscotch
",0,undefined
381180,2703,"
      The Pelican Brief
",0,undefined
19656,1637,"
      Memoirs of Hadrian
",0,undefined
1458906,38119,"
      Eclipse
",1,undefined
21422,2071,"
      The Book of Disquiet: The Complete Edition
",0,undefined
39202,2811,"
      Bastard Out of Carolina
",0,undefined
106462,9611,"
      Love, Rosie
",0,undefined
32288,1553,"
      The Glass Bead Game
",0,undefined
57084,1046,"
      Night World, No. 2
",1,undefined
97427,4132,"
      The Celestine Prophecy
",1,undefined
72352,1719,"
      Hawaii
",0,undefined
3926,103,"
      The Present
",1,undefined
110748,8922,"
      Under the Never Sky
",1,undefined
8426,630,"
      The Gormenghast Novels
",1,undefined
78386,3131,"
      Inkdeath
",1,undefined
185824,4284,"
      The Dead Zone
",0,undefined
89826,10116,"
      Garden Spells
",1,undefined
67643,6148,"
      The Immortal Rules
",1,undefined
127176,7735,"
      White Teeth
",0,undefined
65445,4417,"
      Halo
",1,undefined
151364,11999,"
      The Silver Linings Playbook
",0,undefined
138419,4151,"
      Anne of the Island
",1,undefined
74044,5502,"
      Sweet Evil
",1,undefined
81813,4588,"
      The Spy Who Came In from the Cold
",1,undefined
114938,6498,"
      Fifty Shades Trilogy
",1,undefined
45961,1073,"
      Tai-Pan
",1,undefined
276726,14279,"
      Fall of Giants
",1,undefined
51164,1491,"
      Les Fleurs du Mal
",0,undefined
144014,3754,"
      The Selfish Gene
",0,undefined
236665,5610,"
      The Princess Diaries
",1,undefined
233633,5019,"
      Cujo
",0,undefined
61987,2991,"
      Rant
",0,undefined
113725,4521,"
      Effortless
",1,undefined
6237,1003,"
      The Heart of Aleppo: A Story of the Syrian Civil War
",0,undefined
2066,77,"
      Chasing the Red Queen
",0,undefined
251107,30737,"
      The Cruel Prince
",1,undefined
47238,1711,"
      The French Lieutenant's Woman
",0,undefined
61059,3884,"
      Villette
",0,undefined
11538,1966,"
      El Diablo
",1,undefined
99912,7322,"
      Losing Hope
",1,undefined
108615,7024,"
      Magic Bites
",1,undefined
127103,7032,"
      Beautiful Darkness
",1,undefined
6918,22,"
      Missing Wings: Chronicles of the Aranysargas (Aranysargas, #1)
",0,undefined
7362,85,"
      The Shadow Girl
",0,undefined
6544,29,"
      Toe to Toe
",1,undefined
138500,8565,"
      Wait for You
",1,undefined
14298,1874,"
      الحرافيش
",0,undefined
169992,6142,"
      Naked in Death
",1,undefined
58955,1648,"
      Metamorphoses
",0,undefined
30442,4209,"
      The Blue Castle
",0,undefined
78519,7185,"
      What Is the What
",0,undefined
7101,20,"
      America's Daughter
",1,undefined
9042,98,"
      The Octunnumi Fosbit Files Prologue
",0,undefined
1732,30,"
      Arrangement in Black and White
",0,undefined
57468,3814,"
      The Satanic Verses
",0,undefined
83810,3474,"
      Cross My Heart and Hope to Spy
",1,undefined
119624,25458,"
      Illuminae
",1,undefined
162896,7666,"
      A New Earth: Awakening to Your Life's Purpose
",0,undefined
171039,4406,"
      Guards! Guards!
",1,undefined
91152,4759,"
      The Tenant of Wildfell Hall
",0,undefined
173443,2876,"
      Alexander and the Terrible, Horrible, No Good, Very Bad Day
",1,undefined
68796,2302,"
      Max
",1,undefined
82588,6458,"
      The House of the Scorpion
",1,undefined
84089,10763,"
      Gilead
",1,undefined
26972,1064,"
      Quo Vadis
",0,undefined
114564,14189,"
      Out of My Mind
",0,undefined
121464,11518,"
      City of Thieves
",0,undefined
515384,12625,"
      Something Borrowed
",1,undefined
199322,33726,"
      Red, White & Royal Blue
",0,undefined
69359,8301,"
      Stolen: A Letter to My Captor
",0,undefined
87477,2241,"
      Old Yeller
",1,undefined
45755,1362,"
      Just So Stories
",0,undefined
6482,31,"
      Broken Promises (Past Imperfect Mystery Book 1)
",0,undefined
23637,2768,"
      أولاد حارتنا
",0,undefined
117270,1327,"
      The Complete Fairy Tales
",0,undefined
83345,4380,"
      Born at Midnight
",1,undefined
106640,5451,"
      Extras
",1,undefined
110301,3905,"
      Iron Kissed
",1,undefined
184142,11161,"
      Elantris
",1,undefined
38408,2534,"
      Ragtime
",0,undefined
63450,4875,"
      Perdido Street Station
",1,undefined
59845,3069,"
      Ink Exchange
",1,undefined
59748,2898,"
      The Blue Sword
",1,undefined
93110,9413,"
      The Sky Is Everywhere
",0,undefined
85259,3486,"
      The Diamond Age: Or, a Young Lady's Illustrated Primer
",0,undefined
19310,1271,"
      The Life and Opinions of Tristram Shandy, Gentleman
",0,undefined
104649,5729,"
      Rapture
",1,undefined
1503851,48062,"
      New Moon
",1,undefined
96476,4357,"
      Haunted
",0,undefined
704352,13800,"
      The Tipping Point: How Little Things Can Make a Big Difference
",0,undefined
127719,5491,"
      The Serpent's Shadow
",1,undefined
226861,28820,"
      It Ends with Us
",0,undefined
57328,4750,"
      Three Men in a Boat
",1,undefined
54077,4691,"
      The End of the Affair
",0,undefined
121373,6294,"
      An Echo in the Bone
",1,undefined
32305,1369,"
      An American Tragedy
",0,undefined
343916,10643,"
      Fantastic Beasts and Where to Find Them
",1,undefined
32969,2263,"
      Tiger's Voyage
",1,undefined
191262,5795,"
      The Waste Lands
",1,undefined
2860,17,"
      The Pandarus File
",0,undefined
26613,1528,"
      Darkness at Noon
",0,undefined
39086,1967,"
      Cheaper by the Dozen
",1,undefined
255995,4079,"
      If You Give a Mouse a Cookie
",1,undefined
57212,1874,"
      The Fury / Dark Reunion
",1,undefined
88469,4055,"
      The Thief Lord
",0,undefined
155703,17148,"
      The Dream Thieves
",1,undefined
62712,2815,"
      Black Like Me
",0,undefined
86311,2975,"
      The Dharma Bums
",1,undefined
467054,17819,"
      Diary of a Wimpy Kid
",1,undefined
308704,8725,"
      Mere Christianity
",0,undefined
20776,887,"
      Imajica
",0,undefined
62368,3259,"
      Hiroshima
",0,undefined
385121,12420,"
      Can You Keep a Secret?
",0,undefined
111933,5426,"
      The Warded Man
",1,undefined
221289,23183,"
      The 100-Year-Old Man Who Climbed Out the Window and Disappeared
",1,undefined
38772,2140,"
      The Winter of Our Discontent
",0,undefined
113300,6200,"
      Among the Hidden
",1,undefined
65172,2660,"
      Don't Judge a Girl by Her Cover
",1,undefined
144232,13628,"
      Days of Blood & Starlight
",1,undefined
75093,3996,"
      Solaris
",0,undefined
34667,1538,"
      River God
",1,undefined
97551,3110,"
      Pawn of Prophecy
",1,undefined
234517,5335,"
      The Great Hunt
",1,undefined
206448,17356,"
      Hollow City
",1,undefined
167421,9686,"
      Old Man's War
",1,undefined
112053,17834,"
      Vicious
",1,undefined
161410,10448,"
      The White Tiger
",1,undefined
156500,11347,"
      The Summer I Turned Pretty
",1,undefined
167872,10836,"
      A Long Way Gone: Memoirs of a Boy Soldier
",0,undefined
142815,5987,"
      The Forever War
",1,undefined
116101,7852,"
      Pushing the Limits
",1,undefined
85226,3599,"
      Ham on Rye
",0,undefined
61446,3506,"
      Cat's Eye
",0,undefined
55411,2004,"
      The Dead Girls' Dance
",1,undefined
307552,31484,"
      The Casual Vacancy
",0,undefined
1382,99,"
      China Blues
",0,undefined
27967,1425,"
      Labyrinths:  Selected Stories and Other Writings
",0,undefined
70151,3547,"
      Impulse
",1,undefined
109491,9043,"
      Wintergirls
",0,undefined
369195,29001,"
      Milk and Honey
",0,undefined
109333,3824,"
      Gabriel's Rapture
",1,undefined
256737,10840,"
      Killing Floor
",1,undefined
93208,3052,"
      Lullaby
",0,undefined
1059,37,"
      The Scopas Factor
",0,undefined
57873,3799,"
      Burned
",1,undefined
61398,3739,"
      Need
",1,undefined
42172,1719,"
      The Crystal Cave
",1,undefined
102013,13074,"
      The Scorpio Races
",0,undefined
377121,12512,"
      Who Moved My Cheese?
",1,undefined
2597,286,"
      The Traitor's Emblem
",0,undefined
84705,10046,"
      The Miraculous Journey of Edward Tulane
",0,undefined
43496,2925,"
      The Prime of Miss Jean Brodie
",0,undefined
21618,1657,"
      The Painted Bird
",0,undefined
115581,2089,"
      Aesop's Fables
",0,undefined
69608,3383,"
      The Children of Húrin
",1,undefined
88375,5578,"
      Notes from Underground
",0,undefined
117569,9824,"
      Life As We Knew It
",1,undefined
333057,35122,"
      Turtles All the Way Down
",0,undefined
62603,2225,"
      If Tomorrow Comes
",1,undefined
74924,3500,"
      Less Than Zero
",0,undefined
73414,7968,"
      The Book of Lost Things
",0,undefined
76221,3478,"
      A Voice in the Wind
",1,undefined
25457,1770,"
      Kissed by an Angel/The Power of Love/Soulmates
",1,undefined
68226,1147,"
      All Things Bright and Beautiful
",1,undefined
39266,2359,"
      A Good Man is Hard to Find and Other Stories
",0,undefined
89237,4161,"
      The Sword of Shannara
",1,undefined
54917,2308,"
      The Mayor of Casterbridge
",0,undefined
222127,10013,"
      The Power of Now: A Guide to Spiritual Enlightenment
",0,undefined
100939,7432,"
      Real
",1,undefined
82281,4010,"
      The Illustrated Man
",0,undefined
79766,9351,"
      The False Prince
",1,undefined
25375,724,"
      Three Comrades
",0,undefined
86519,2723,"
      Reaper Man
",1,undefined
416,110,"
      The Manufactured Identity
",1,undefined
84605,2384,"
      A Storm of Swords: Blood and Gold
",1,undefined
177098,3717,"
      The Shadow Rising
",1,undefined
136462,4140,"
      Rendezvous with Rama
",1,undefined
153012,13832,"
      Freedom
",0,undefined
71678,2459,"
      Fathers and Sons
",0,undefined
128742,3163,"
      Dolores Claiborne
",0,undefined
56218,4297,"
      Skulduggery Pleasant
",1,undefined
124509,5525,"
      Tell No One
",0,undefined
33790,244,"
      Vampire Academy Collection
",1,undefined
39448,909,"
      Centennial
",0,undefined
63845,3383,"
      The New York Trilogy
",1,undefined
120942,2076,"
      The Day of the Jackal
",0,undefined
729516,65555,"
      Harry Potter and the Cursed Child: Parts One and Two
",1,undefined
336338,24077,"
      Quiet: The Power of Introverts in a World That Can't Stop Talking
",1,undefined
43419,3113,"
      Hunger
",0,undefined
46576,2068,"
      Narcissus and Goldmund
",0,undefined
180967,10130,"
      Entwined with You
",1,undefined
49864,1861,"
      Even Cowgirls Get the Blues
",0,undefined
113854,7675,"
      After Dark
",0,undefined
38220,1686,"
      Demons
",0,undefined
79430,4675,"
      The Iron Knight
",1,undefined
151281,6380,"
      The Invisible Man
",0,undefined
76797,6799,"
      The Ask and the Answer
",1,undefined
16408,1760,"
      The Third Policeman
",0,undefined
48981,6064,"
      The Opportunist
",1,undefined
9595,1148,"
      Complicate Me
",1,undefined
42866,2444,"
      A Suitable Boy
",1,undefined
281610,15083,"
      Heaven is for Real: A Little Boy's Astounding Story of His Trip to Heaven and Back
",1,undefined
228406,7103,"
      Think and Grow Rich
",0,undefined
126233,11541,"
      People of the Book
",0,undefined
151436,4458,"
      Midwives
",0,undefined
33131,3983,"
      Keeper of the Lost Cities
",1,undefined
32412,628,"
      Eragon, Eldest & Brisingr
",1,undefined
88506,6098,"
      Endurance: Shackleton's Incredible Voyage
",0,undefined
132011,2276,"
      Cloudy With a Chance of Meatballs
",1,undefined
184161,4719,"
      Girl, Interrupted
",0,undefined
216774,15210,"
      Crossed
",1,undefined
864061,72151,"
      Educated
",0,undefined
216706,6410,"
      Preludes & Nocturnes
",1,undefined
99141,7595,"
      Flipped
",0,undefined
68111,2572,"
      Dead Souls
",0,undefined
42964,2735,"
      Ahab's Wife, or The Star-Gazer
",0,undefined
65947,4638,"
      Pope Joan
",0,undefined
155,37,"
      Honor and Polygamy
",0,undefined
52394,3923,"
      Noughts & Crosses
",1,undefined
158872,23456,"
      Caraval
",1,undefined
176697,16999,"
      The Storyteller
",0,undefined
381566,41712,"
      Circe
",0,undefined
493900,33631,"
      The Cuckoo's Calling
",1,undefined
48765,3050,"
      Tomorrow, When the War Began
",1,undefined
88414,2186,"
      Masquerade
",1,undefined
180079,13635,"
      Wallbanger
",1,undefined
14048,1827,"
      The Brothers K
",0,undefined
77064,4103,"
      Tinker, Tailor, Soldier, Spy
",1,undefined
120,81,"
      Adhaata Asao's Liege
",0,undefined
25021,574,"
      The Constitution of the United States of America
",0,undefined
80353,7571,"
      Bird by Bird: Some Instructions on Writing and Life
",0,undefined
75864,6383,"
      The Book of Negroes
",0,undefined
190293,15951,"
      Shadow of Night
",1,undefined
173094,16046,"
      Wolf Hall
",1,undefined
153249,5489,"
      Quidditch Through the Ages
",1,undefined