title,author,avg_rating,num_ratings,num_reviews,pages,oringal_publish_year,more_detials,genre_1,genre_2,genre_3
"
      The Hunger Games
",Suzanne Collins,"
  4.33
","
  
  6,532,315
  ratings
","
    
    173,686
    reviews
","Hardcover, First Edition, 374 pages","
            Published
        September 14th 2008
         by Scholastic Press

      ","
      Hardcover, First Edition, 374 pages

      
            Published
        September 14th 2008
         by Scholastic Press

      

  
    More Details...

        

              
                Original Title
                The Hunger Games
              
              
                ISBN
                
                  0439023483
                      (ISBN13: 9780439023481)
                
              

              
                Edition Language
                English
              


              
                Series
                
                  The Hunger Games #1                                  
              

              
                Characters
                
                  Katniss Everdeen, Peeta Mellark, Cato (Hunger Games), Primrose Everdeen, Gale Hawthorne...more, Effie Trinket, Haymitch Abernathy, Cinna, President Coriolanus Snow, Rue, Flavius, Lavinia (Hunger Games), Marvel, Glimmer, Clove, Foxface, Thresh, Greasy Sae, Madge Undersee, Caesar Flickerman, Claudius Templesmith, Octavia (Hunger Games), Portia (hunger Games)...less
                
              

            Setting

    District 12, Panem

    
    Capitol, Panem

    
    Panem

(United States)


    




              
                Literary Awards
                
                  Locus Award Nominee for Best Young Adult Book (2009), Georgia Peach Book Award (2009), Buxtehuder Bulle (2009), Golden Duck Award for Young Adult (Hal Clement Award) (2009), Grand Prix de l'Imaginaire Nominee for Roman jeunesse étranger (2010)
                      ...more
                          Books I Loved Best Yearly (BILBY) Awards for Older Readers (2012), West Australian Young Readers' Book Award (WAYRBA) for Older Readers (2010), Red House Children's Book Award for Older Readers & Overall (2010), South Carolina Book Award for Junior and Young Adult Book (2011), Charlotte Award (2010), Colorado Blue Spruce Young Adult Book Award (2010), Teen Buckeye Book Award (2009), Pennsylvania Young Readers' Choice Award for Young Adults (2010), Rhode Island Teen Book Award (2010), Dorothy Canfield Fisher Children's Book Award (2010), Evergreen Teen Book Award (2011), Soaring Eagle Book Award (2009), Milwaukee County Teen Book Award Nominee (2010), Sakura Medal for Middle School Book (2010), Michigan Library Association Thumbs Up! Award (2009), Florida Teens Read (2009), Deutscher Jugendliteraturpreis for Preis der Jugendjury (2010), Iowa High School Book Award (2011), New Mexico Land of Enchantment Award for Young Adult (2011), Eliot Rosewater Indiana High School Book Award (2010), The Inky Awards for Silver Inky (2009), California Young Readers Medal for Young Adult (2011), Lincoln Award (2011), Kinderboekwinkelprijs (2010), Missouri Truman Readers Award (2011), CYBILS Award for Young Adult Fantasy & Science Fiction (2008), Literaturpreis der Jury der jungen Leser for Jugendbuch (2010), The Inky Awards Shortlist for Silver Inky (2009), Prix Et-lisez-moi (2011), Missouri Gateway Readers Award (2011), Oklahoma Sequoyah Award for High School and Intermediate (2011), Premio El Templo de las Mil Puertas for Mejor novela extranjera perteneciente a saga (2009), Rebecca Caudill Young Readers' Book Award (2011), LovelyBooks Leserpreis for Fantasy (2009), LovelyBooks Leserpreis for Bestes Cover/Umschlag (2009), Premi Protagonista Jove for Categoria 13-14 anys (2010)
...less                
              
          

          

Other Editions (10)










//<![CDATA[
      var newTip = new Tip($('edition_18626858'), ""<div class=\'editionTitle\'>\nThe Hunger Games (The Hunger Games, #1) \n<\/div>\n<div class=\'editionInfo\'>\n<\/div>\n<div class=\'editionInfo\'>\n<\/div>\n<div class=\'editionInfo\'>\n<\/div>\n<div class=\'editionInfo\'>\nformat: Kindle Edition\n<\/div>\n<div class=\'editionInfo\'>\nPublished\nSeptember 1st 2009\nby Scholastic Press\n<\/div>\n<div class=\'enlargeCover\' id=\'edition_18626858_enlarge\'>\n<a>\nEnlarge cover\n<\/a>\n<\/div>\n<div class=\'editionCover\' id=\'edition_18626858_enlarge_cover\' style=\'display: none;\'>\n<img src=\""https://i.gr-assets.com/images/S/compressed.photo.goodreads.com/books/1382604459l/18626858.jpg\"" alt=\""18626858\"" />\n<\/div>\n<div class=\'editionAction\'>\n<div class=\'wtrButtonContainer wtrSignedOut\' id=\'3_book_18626858\'>\n<div class=\'wtrUp wtrLeft\'>\n<form action=\""/shelf/add_to_shelf\"" accept-charset=\""UTF-8\"" method=\""post\""><input name=\""utf8\"" type=\""hidden\"" value=\""&#x2713;\"" /><input type=\""hidden\"" name=\""authenticity_token\"" value=\""e9WdN8HOfPqXGHHMk6wLXMGuitnsHJ/3GOPZeAVxdoWjonxxCrimnrJrNk5Ugf3oo0ZcgcP9j+u9xuIMe4+kDA==\"" />\n<input type=\""hidden\"" name=\""book_id\"" id=\""book_id\"" value=\""18626858\"" />\n<input type=\""hidden\"" name=\""name\"" id=\""name\"" value=\""to-read\"" />\n<input type=\""hidden\"" name=\""unique_id\"" id=\""unique_id\"" value=\""3_book_18626858\"" />\n<input type=\""hidden\"" name=\""wtr_new\"" id=\""wtr_new\"" value=\""true\"" />\n<input type=\""hidden\"" name=\""from_choice\"" id=\""from_choice\"" value=\""false\"" />\n<input type=\""hidden\"" name=\""from_home_module\"" id=\""from_home_module\"" value=\""false\"" />\n<input type=\""hidden\"" name=\""ref\"" id=\""ref\"" value=\""\"" class=\""wtrLeftUpRef\"" />\n<input type=\""hidden\"" name=\""existing_review\"" id=\""existing_review\"" value=\""false\"" class=\""wtrExisting\"" />\n<input type=\""hidden\"" name=\""page_url\"" id=\""page_url\"" />\n<button class=\'wtrToRead\' type=\'submit\'>\n<span class=\'progressTrigger\'>Want to Read<\/span>\n<span class=\'progressIndicator\'>saving…<\/span>\n<\/button>\n<\/form>\n\n<\/div>\n\n<div class=\'wtrRight wtrUp\'>\n<form class=\""hiddenShelfForm\"" action=\""/shelf/add_to_shelf\"" accept-charset=\""UTF-8\"" method=\""post\""><input name=\""utf8\"" type=\""hidden\"" value=\""&#x2713;\"" /><input type=\""hidden\"" name=\""authenticity_token\"" value=\""z9PufybAyLbaXnDGYJu6fkJqS07lgVIaJ1U6cwCFSDQXpA857bYS0v8tN0SntkzKIIKdFspgQgaCcAEHfnuavQ==\"" />\n<input type=\""hidden\"" name=\""unique_id\"" id=\""unique_id\"" value=\""3_book_18626858\"" />\n<input type=\""hidden\"" name=\""book_id\"" id=\""book_id\"" value=\""18626858\"" />\n<input type=\""hidden\"" name=\""a\"" id=\""a\"" />\n<input type=\""hidden\"" name=\""name\"" id=\""name\"" />\n<input type=\""hidden\"" name=\""from_choice\"" id=\""from_choice\"" value=\""false\"" />\n<input type=\""hidden\"" name=\""from_home_module\"" id=\""from_home_module\"" value=\""false\"" />\n<input type=\""hidden\"" name=\""page_url\"" id=\""page_url\"" />\n<\/form>\n\n<button class=\'wtrShelfButton\'><\/button>\n<\/div>\n\n<div class=\'ratingStars wtrRating\'>\n<div class=\'starsErrorTooltip hidden\'>\nError rating book. Refresh and try again.\n<\/div>\n<div class=\'myRating uitext greyText\'>Rate this book<\/div>\n<div class=\'clearRating uitext\'>Clear rating<\/div>\n<div class=\""stars\"" data-resource-id=\""18626858\"" data-user-id=\""0\"" data-submit-url=\""/review/rate/18626858?stars_click=true&wtr_button_id=3_book_18626858\"" data-rating=\""0\""><a class=\""star off\"" title=\""did not like it\"" href=\""#\"" ref=\""\"">1 of 5 stars<\/a><a class=\""star off\"" title=\""it was ok\"" href=\""#\"" ref=\""\"">2 of 5 stars<\/a><a class=\""star off\"" title=\""liked it\"" href=\""#\"" ref=\""\"">3 of 5 stars<\/a><a class=\""star off\"" title=\""really liked it\"" href=\""#\"" ref=\""\"">4 of 5 stars<\/a><a class=\""star off\"" title=\""it was amazing\"" href=\""#\"" ref=\""\"">5 of 5 stars<\/a><\/div>\n<\/div>\n\n<\/div>\n\n\n<\/div>\n\n"", { style: 'addbook', stem: 'bottomMiddle', hook: { tip: 'bottomMiddle', target: 'topMiddle' }, offset: { y: -3, x: 0 }, hideOn: false, width: 325, hideAfter: 0.05 });
      $('edition_18626858').observe('prototip:shown', function() {
        if (this.up('#box')) {
          $$('div.prototip').each(function(i){i.setStyle({zIndex: $('box').getStyle('z-index')})});
        } else {
          $$('div.prototip').each(function(i){i.setStyle({zIndex: 6000})});
        }
      });

      newTip['wrapper'].addClassName('prototipAllowOverflow');

        $('edition_18626858').observe('prototip:shown', function () {
          $$('div.prototip').each(function (e) {
            if ($('edition_18626858').hasClassName('ignored')) {
              e.setStyle({'display': 'none'});
              return;
            }
            e.setStyle({'overflow': 'visible'});
          });
        });
      $('edition_18626858').observe('prototip:hidden', function () {
        $$('span.elementTwo').each(function (e) {
          if (e.getStyle('display') !== 'none') {
            var lessLink = e.next();
            swapContent(lessLink);
          }
        });
      });

//]]>






//<![CDATA[
      var newTip = new Tip($('edition_7285601'), ""<div class=\'editionTitle\'>\nThe Hunger Games (The Hunger Games, #1) \n<\/div>\n<div class=\'editionInfo\'>\n<\/div>\n<div class=\'editionInfo\'>\n<\/div>\n<div class=\'editionInfo\'>\n<\/div>\n<div class=\'editionInfo\'>\nformat: Paperback\n<\/div>\n<div class=\'editionInfo\'>\nPublished\nJuly 1st 2010\nby Scholastic Inc.\n<\/div>\n<div class=\'enlargeCover\' id=\'edition_7285601_enlarge\'>\n<a>\nEnlarge cover\n<\/a>\n<\/div>\n<div class=\'editionCover\' id=\'edition_7285601_enlarge_cover\' style=\'display: none;\'>\n<img src=\""https://i.gr-assets.com/images/S/compressed.photo.goodreads.com/books/1327962782l/7285601.jpg\"" alt=\""7285601\"" />\n<\/div>\n<div class=\'editionAction\'>\n<div class=\'wtrButtonContainer wtrSignedOut\' id=\'4_book_7285601\'>\n<div class=\'wtrUp wtrLeft\'>\n<form action=\""/shelf/add_to_shelf\"" accept-charset=\""UTF-8\"" method=\""post\""><input name=\""utf8\"" type=\""hidden\"" value=\""&#x2713;\"" /><input type=\""hidden\"" name=\""authenticity_token\"" value=\""i/LxJRXBdQxV/rROEcmqVpQsfkD/u/EoAQ4bhYEX7O1ThRBj3revaHCN88zW5Fzi9sSoGNBa4TSkKyDx/+k+ZA==\"" />\n<input type=\""hidden\"" name=\""book_id\"" id=\""book_id\"" value=\""7285601\"" />\n<input type=\""hidden\"" name=\""name\"" id=\""name\"" value=\""to-read\"" />\n<input type=\""hidden\"" name=\""unique_id\"" id=\""unique_id\"" value=\""4_book_7285601\"" />\n<input type=\""hidden\"" name=\""wtr_new\"" id=\""wtr_new\"" value=\""true\"" />\n<input type=\""hidden\"" name=\""from_choice\"" id=\""from_choice\"" value=\""false\"" />\n<input type=\""hidden\"" name=\""from_home_module\"" id=\""from_home_module\"" value=\""false\"" />\n<input type=\""hidden\"" name=\""ref\"" id=\""ref\"" value=\""\"" class=\""wtrLeftUpRef\"" />\n<input type=\""hidden\"" name=\""existing_review\"" id=\""existing_review\"" value=\""false\"" class=\""wtrExisting\"" />\n<input type=\""hidden\"" name=\""page_url\"" id=\""page_url\"" />\n<button class=\'wtrToRead\' type=\'submit\'>\n<span class=\'progressTrigger\'>Want to Read<\/span>\n<span class=\'progressIndicator\'>saving…<\/span>\n<\/button>\n<\/form>\n\n<\/div>\n\n<div class=\'wtrRight wtrUp\'>\n<form class=\""hiddenShelfForm\"" action=\""/shelf/add_to_shelf\"" accept-charset=\""UTF-8\"" method=\""post\""><input name=\""utf8\"" type=\""hidden\"" value=\""&#x2713;\"" /><input type=\""hidden\"" name=\""authenticity_token\"" value=\""+YxLlw3nK+2DxFNe73CyUicqL0Rfy2JO4AxF9ayeRR0h+6rRxpHxiaa3FNwoXUTmRcL5HHAqclJFKX6B0mCXlA==\"" />\n<input type=\""hidden\"" name=\""unique_id\"" id=\""unique_id\"" value=\""4_book_7285601\"" />\n<input type=\""hidden\"" name=\""book_id\"" id=\""book_id\"" value=\""7285601\"" />\n<input type=\""hidden\"" name=\""a\"" id=\""a\"" />\n<input type=\""hidden\"" name=\""name\"" id=\""name\"" />\n<input type=\""hidden\"" name=\""from_choice\"" id=\""from_choice\"" value=\""false\"" />\n<input type=\""hidden\"" name=\""from_home_module\"" id=\""from_home_module\"" value=\""false\"" />\n<input type=\""hidden\"" name=\""page_url\"" id=\""page_url\"" />\n<\/form>\n\n<button class=\'wtrShelfButton\'><\/button>\n<\/div>\n\n<div class=\'ratingStars wtrRating\'>\n<div class=\'starsErrorTooltip hidden\'>\nError rating book. Refresh and try again.\n<\/div>\n<div class=\'myRating uitext greyText\'>Rate this book<\/div>\n<div class=\'clearRating uitext\'>Clear rating<\/div>\n<div class=\""stars\"" data-resource-id=\""7285601\"" data-user-id=\""0\"" data-submit-url=\""/review/rate/7285601?stars_click=true&wtr_button_id=4_book_7285601\"" data-rating=\""0\""><a class=\""star off\"" title=\""did not like it\"" href=\""#\"" ref=\""\"">1 of 5 stars<\/a><a class=\""star off\"" title=\""it was ok\"" href=\""#\"" ref=\""\"">2 of 5 stars<\/a><a class=\""star off\"" title=\""liked it\"" href=\""#\"" ref=\""\"">3 of 5 stars<\/a><a class=\""star off\"" title=\""really liked it\"" href=\""#\"" ref=\""\"">4 of 5 stars<\/a><a class=\""star off\"" title=\""it was amazing\"" href=\""#\"" ref=\""\"">5 of 5 stars<\/a><\/div>\n<\/div>\n\n<\/div>\n\n\n<\/div>\n\n"", { style: 'addbook', stem: 'bottomMiddle', hook: { tip: 'bottomMiddle', target: 'topMiddle' }, offset: { y: -3, x: 0 }, hideOn: false, width: 325, hideAfter: 0.05 });
      $('edition_7285601').observe('prototip:shown', function() {
        if (this.up('#box')) {
          $$('div.prototip').each(function(i){i.setStyle({zIndex: $('box').getStyle('z-index')})});
        } else {
          $$('div.prototip').each(function(i){i.setStyle({zIndex: 6000})});
        }
      });

      newTip['wrapper'].addClassName('prototipAllowOverflow');

        $('edition_7285601').observe('prototip:shown', function () {
          $$('div.prototip').each(function (e) {
            if ($('edition_7285601').hasClassName('ignored')) {
              e.setStyle({'display': 'none'});
              return;
            }
            e.setStyle({'overflow': 'visible'});
          });
        });
      $('edition_7285601').observe('prototip:hidden', function () {
        $$('span.elementTwo').each(function (e) {
          if (e.getStyle('display') !== 'none') {
            var lessLink = e.next();
            swapContent(lessLink);
          }
        });
      });

//]]>






//<![CDATA[
      var newTip = new Tip($('edition_49494289'), ""<div class=\'editionTitle\'>\nThe Hunger Games (The Hunger Games, #1) \n<\/div>\n<div class=\'editionInfo\'>\n<\/div>\n<div class=\'editionInfo\'>\n<\/div>\n<div class=\'editionInfo\'>\nasin: B002MQYOFW\n<\/div>\n<div class=\'editionInfo\'>\nformat: Kindle Edition\n<\/div>\n<div class=\'editionInfo\'>\nPublished\nDecember 19th 2019\nby Scholastic Press\n<\/div>\n<div class=\'enlargeCover\' id=\'edition_49494289_enlarge\'>\n<a>\nEnlarge cover\n<\/a>\n<\/div>\n<div class=\'editionCover\' id=\'edition_49494289_enlarge_cover\' style=\'display: none;\'>\n<img src=\""https://i.gr-assets.com/images/S/compressed.photo.goodreads.com/books/1592234598l/49494289._SY475_.jpg\"" alt=\""49494289. sy475 \"" />\n<\/div>\n<div class=\'editionAction\'>\n<div class=\'wtrButtonContainer wtrSignedOut\' id=\'5_book_49494289\'>\n<div class=\'wtrUp wtrLeft\'>\n<form action=\""/shelf/add_to_shelf\"" accept-charset=\""UTF-8\"" method=\""post\""><input name=\""utf8\"" type=\""hidden\"" value=\""&#x2713;\"" /><input type=\""hidden\"" name=\""authenticity_token\"" value=\""SaxofCUfmFvXk5ILNtKXGENwLtwMaPEln6SbCPOcjcqR24k67mlCP/Lg1Ynx/2GsIZj4hCOJ4Tk6gaB8jWJfQw==\"" />\n<input type=\""hidden\"" name=\""book_id\"" id=\""book_id\"" value=\""49494289\"" />\n<input type=\""hidden\"" name=\""name\"" id=\""name\"" value=\""to-read\"" />\n<input type=\""hidden\"" name=\""unique_id\"" id=\""unique_id\"" value=\""5_book_49494289\"" />\n<input type=\""hidden\"" name=\""wtr_new\"" id=\""wtr_new\"" value=\""true\"" />\n<input type=\""hidden\"" name=\""from_choice\"" id=\""from_choice\"" value=\""false\"" />\n<input type=\""hidden\"" name=\""from_home_module\"" id=\""from_home_module\"" value=\""false\"" />\n<input type=\""hidden\"" name=\""ref\"" id=\""ref\"" value=\""\"" class=\""wtrLeftUpRef\"" />\n<input type=\""hidden\"" name=\""existing_review\"" id=\""existing_review\"" value=\""false\"" class=\""wtrExisting\"" />\n<input type=\""hidden\"" name=\""page_url\"" id=\""page_url\"" />\n<button class=\'wtrToRead\' type=\'submit\'>\n<span class=\'progressTrigger\'>Want to Read<\/span>\n<span class=\'progressIndicator\'>saving…<\/span>\n<\/button>\n<\/form>\n\n<\/div>\n\n<div class=\'wtrRight wtrUp\'>\n<form class=\""hiddenShelfForm\"" action=\""/shelf/add_to_shelf\"" accept-charset=\""UTF-8\"" method=\""post\""><input name=\""utf8\"" type=\""hidden\"" value=\""&#x2713;\"" /><input type=\""hidden\"" name=\""authenticity_token\"" value=\""u+/kBqTxLb9afY67+0fNRRAkCS/4sgbhH2ZVZEkPkR5jmAVAb4f3238OyTk8ajvxcszfd9dTFv26Q24QN/FDlw==\"" />\n<input type=\""hidden\"" name=\""unique_id\"" id=\""unique_id\"" value=\""5_book_49494289\"" />\n<input type=\""hidden\"" name=\""book_id\"" id=\""book_id\"" value=\""49494289\"" />\n<input type=\""hidden\"" name=\""a\"" id=\""a\"" />\n<input type=\""hidden\"" name=\""name\"" id=\""name\"" />\n<input type=\""hidden\"" name=\""from_choice\"" id=\""from_choice\"" value=\""false\"" />\n<input type=\""hidden\"" name=\""from_home_module\"" id=\""from_home_module\"" value=\""false\"" />\n<input type=\""hidden\"" name=\""page_url\"" id=\""page_url\"" />\n<\/form>\n\n<button class=\'wtrShelfButton\'><\/button>\n<\/div>\n\n<div class=\'ratingStars wtrRating\'>\n<div class=\'starsErrorTooltip hidden\'>\nError rating book. Refresh and try again.\n<\/div>\n<div class=\'myRating uitext greyText\'>Rate this book<\/div>\n<div class=\'clearRating uitext\'>Clear rating<\/div>\n<div class=\""stars\"" data-resource-id=\""49494289\"" data-user-id=\""0\"" data-submit-url=\""/review/rate/49494289?stars_click=true&wtr_button_id=5_book_49494289\"" data-rating=\""0\""><a class=\""star off\"" title=\""did not like it\"" href=\""#\"" ref=\""\"">1 of 5 stars<\/a><a class=\""star off\"" title=\""it was ok\"" href=\""#\"" ref=\""\"">2 of 5 stars<\/a><a class=\""star off\"" title=\""liked it\"" href=\""#\"" ref=\""\"">3 of 5 stars<\/a><a class=\""star off\"" title=\""really liked it\"" href=\""#\"" ref=\""\"">4 of 5 stars<\/a><a class=\""star off\"" title=\""it was amazing\"" href=\""#\"" ref=\""\"">5 of 5 stars<\/a><\/div>\n<\/div>\n\n<\/div>\n\n\n<\/div>\n\n"", { style: 'addbook', stem: 'bottomMiddle', hook: { tip: 'bottomMiddle', target: 'topMiddle' }, offset: { y: -3, x: 0 }, hideOn: false, width: 325, hideAfter: 0.05 });
      $('edition_49494289').observe('prototip:shown', function() {
        if (this.up('#box')) {
          $$('div.prototip').each(function(i){i.setStyle({zIndex: $('box').getStyle('z-index')})});
        } else {
          $$('div.prototip').each(function(i){i.setStyle({zIndex: 6000})});
        }
      });

      newTip['wrapper'].addClassName('prototipAllowOverflow');

        $('edition_49494289').observe('prototip:shown', function () {
          $$('div.prototip').each(function (e) {
            if ($('edition_49494289').hasClassName('ignored')) {
              e.setStyle({'display': 'none'});
              return;
            }
            e.setStyle({'overflow': 'visible'});
          });
        });
      $('edition_49494289').observe('prototip:hidden', function () {
        $$('span.elementTwo').each(function (e) {
          if (e.getStyle('display') !== 'none') {
            var lessLink = e.next();
            swapContent(lessLink);
          }
        });
      });

//]]>






//<![CDATA[
      var newTip = new Tip($('edition_12091570'), ""<div class=\'editionTitle\'>\nThe Hunger Games (The Hunger Games, #1) \n<\/div>\n<div class=\'editionInfo\'>\n<\/div>\n<div class=\'editionInfo\'>\n<\/div>\n<div class=\'editionInfo\'>\n<\/div>\n<div class=\'editionInfo\'>\nformat: Paperback\n<\/div>\n<div class=\'editionInfo\'>\nPublished\nJanuary 10th 2009\nby Scholastic Inc.\n<\/div>\n<div class=\'enlargeCover\' id=\'edition_12091570_enlarge\'>\n<a>\nEnlarge cover\n<\/a>\n<\/div>\n<div class=\'editionCover\' id=\'edition_12091570_enlarge_cover\' style=\'display: none;\'>\n<img src=\""https://i.gr-assets.com/images/S/compressed.photo.goodreads.com/books/1311332303l/12091570.jpg\"" alt=\""12091570\"" />\n<\/div>\n<div class=\'editionAction\'>\n<div class=\'wtrButtonContainer wtrSignedOut\' id=\'6_book_12091570\'>\n<div class=\'wtrUp wtrLeft\'>\n<form action=\""/shelf/add_to_shelf\"" accept-charset=\""UTF-8\"" method=\""post\""><input name=\""utf8\"" type=\""hidden\"" value=\""&#x2713;\"" /><input type=\""hidden\"" name=\""authenticity_token\"" value=\""idf+OnCTx8yykcZgGLkrok9RF11BWGqwHeMh+GV/K8BRoB98u+UdqJfigeLflN0WLbnBBW65eqy4xhqMG4H5SQ==\"" />\n<input type=\""hidden\"" name=\""book_id\"" id=\""book_id\"" value=\""12091570\"" />\n<input type=\""hidden\"" name=\""name\"" id=\""name\"" value=\""to-read\"" />\n<input type=\""hidden\"" name=\""unique_id\"" id=\""unique_id\"" value=\""6_book_12091570\"" />\n<input type=\""hidden\"" name=\""wtr_new\"" id=\""wtr_new\"" value=\""true\"" />\n<input type=\""hidden\"" name=\""from_choice\"" id=\""from_choice\"" value=\""false\"" />\n<input type=\""hidden\"" name=\""from_home_module\"" id=\""from_home_module\"" value=\""false\"" />\n<input type=\""hidden\"" name=\""ref\"" id=\""ref\"" value=\""\"" class=\""wtrLeftUpRef\"" />\n<input type=\""hidden\"" name=\""existing_review\"" id=\""existing_review\"" value=\""false\"" class=\""wtrExisting\"" />\n<input type=\""hidden\"" name=\""page_url\"" id=\""page_url\"" />\n<button class=\'wtrToRead\' type=\'submit\'>\n<span class=\'progressTrigger\'>Want to Read<\/span>\n<span class=\'progressIndicator\'>saving…<\/span>\n<\/button>\n<\/form>\n\n<\/div>\n\n<div class=\'wtrRight wtrUp\'>\n<form class=\""hiddenShelfForm\"" action=\""/shelf/add_to_shelf\"" accept-charset=\""UTF-8\"" method=\""post\""><input name=\""utf8\"" type=\""hidden\"" value=\""&#x2713;\"" /><input type=\""hidden\"" name=\""authenticity_token\"" value=\""vK+DZAkLhe0dzyeHdSTIxEJIxKZqco16Q4GzvYsuA+tk2GIiwn1fiTi8YAWyCT5wIKAS/kWTnWbmpIjJ9dDRYg==\"" />\n<input type=\""hidden\"" name=\""unique_id\"" id=\""unique_id\"" value=\""6_book_12091570\"" />\n<input type=\""hidden\"" name=\""book_id\"" id=\""book_id\"" value=\""12091570\"" />\n<input type=\""hidden\"" name=\""a\"" id=\""a\"" />\n<input type=\""hidden\"" name=\""name\"" id=\""name\"" />\n<input type=\""hidden\"" name=\""from_choice\"" id=\""from_choice\"" value=\""false\"" />\n<input type=\""hidden\"" name=\""from_home_module\"" id=\""from_home_module\"" value=\""false\"" />\n<input type=\""hidden\"" name=\""page_url\"" id=\""page_url\"" />\n<\/form>\n\n<button class=\'wtrShelfButton\'><\/button>\n<\/div>\n\n<div class=\'ratingStars wtrRating\'>\n<div class=\'starsErrorTooltip hidden\'>\nError rating book. Refresh and try again.\n<\/div>\n<div class=\'myRating uitext greyText\'>Rate this book<\/div>\n<div class=\'clearRating uitext\'>Clear rating<\/div>\n<div class=\""stars\"" data-resource-id=\""12091570\"" data-user-id=\""0\"" data-submit-url=\""/review/rate/12091570?stars_click=true&wtr_button_id=6_book_12091570\"" data-rating=\""0\""><a class=\""star off\"" title=\""did not like it\"" href=\""#\"" ref=\""\"">1 of 5 stars<\/a><a class=\""star off\"" title=\""it was ok\"" href=\""#\"" ref=\""\"">2 of 5 stars<\/a><a class=\""star off\"" title=\""liked it\"" href=\""#\"" ref=\""\"">3 of 5 stars<\/a><a class=\""star off\"" title=\""really liked it\"" href=\""#\"" ref=\""\"">4 of 5 stars<\/a><a class=\""star off\"" title=\""it was amazing\"" href=\""#\"" ref=\""\"">5 of 5 stars<\/a><\/div>\n<\/div>\n\n<\/div>\n\n\n<\/div>\n\n"", { style: 'addbook', stem: 'bottomMiddle', hook: { tip: 'bottomMiddle', target: 'topMiddle' }, offset: { y: -3, x: 0 }, hideOn: false, width: 325, hideAfter: 0.05 });
      $('edition_12091570').observe('prototip:shown', function() {
        if (this.up('#box')) {
          $$('div.prototip').each(function(i){i.setStyle({zIndex: $('box').getStyle('z-index')})});
        } else {
          $$('div.prototip').each(function(i){i.setStyle({zIndex: 6000})});
        }
      });

      newTip['wrapper'].addClassName('prototipAllowOverflow');

        $('edition_12091570').observe('prototip:shown', function () {
          $$('div.prototip').each(function (e) {
            if ($('edition_12091570').hasClassName('ignored')) {
              e.setStyle({'display': 'none'});
              return;
            }
            e.setStyle({'overflow': 'visible'});
          });
        });
      $('edition_12091570').observe('prototip:hidden', function () {
        $$('span.elementTwo').each(function (e) {
          if (e.getStyle('display') !== 'none') {
            var lessLink = e.next();
            swapContent(lessLink);
          }
        });
      });

//]]>






//<![CDATA[
      var newTip = new Tip($('edition_6596839'), ""<div class=\'editionTitle\'>\nLos juegos del hambre (Los juegos del hambre, #1) \n<\/div>\n<div class=\'editionInfo\'>\nisbn: 8498675391\n<\/div>\n<div class=\'editionInfo\'>\nisbn13: 9788498675399\n<\/div>\n<div class=\'editionInfo\'>\n<\/div>\n<div class=\'editionInfo\'>\nformat: Paperback\n<\/div>\n<div class=\'editionInfo\'>\nPublished\n2009\nby Molino \n<\/div>\n<div class=\'enlargeCover\' id=\'edition_6596839_enlarge\'>\n<a>\nEnlarge cover\n<\/a>\n<\/div>\n<div class=\'editionCover\' id=\'edition_6596839_enlarge_cover\' style=\'display: none;\'>\n<img src=\""https://i.gr-assets.com/images/S/compressed.photo.goodreads.com/books/1335891621l/6596839.jpg\"" alt=\""6596839\"" />\n<\/div>\n<div class=\'editionAction\'>\n<div class=\'wtrButtonContainer wtrSignedOut\' id=\'7_book_6596839\'>\n<div class=\'wtrUp wtrLeft\'>\n<form action=\""/shelf/add_to_shelf\"" accept-charset=\""UTF-8\"" method=\""post\""><input name=\""utf8\"" type=\""hidden\"" value=\""&#x2713;\"" /><input type=\""hidden\"" name=\""authenticity_token\"" value=\""Y/+hhMsYYwfennqlmqpZ2iuPV7rD4yKVGjFI421xFy67iEDCAG65Y/vtPSddh69uSWeB4uwCMom/FHOXE4/Fpw==\"" />\n<input type=\""hidden\"" name=\""book_id\"" id=\""book_id\"" value=\""6596839\"" />\n<input type=\""hidden\"" name=\""name\"" id=\""name\"" value=\""to-read\"" />\n<input type=\""hidden\"" name=\""unique_id\"" id=\""unique_id\"" value=\""7_book_6596839\"" />\n<input type=\""hidden\"" name=\""wtr_new\"" id=\""wtr_new\"" value=\""true\"" />\n<input type=\""hidden\"" name=\""from_choice\"" id=\""from_choice\"" value=\""false\"" />\n<input type=\""hidden\"" name=\""from_home_module\"" id=\""from_home_module\"" value=\""false\"" />\n<input type=\""hidden\"" name=\""ref\"" id=\""ref\"" value=\""\"" class=\""wtrLeftUpRef\"" />\n<input type=\""hidden\"" name=\""existing_review\"" id=\""existing_review\"" value=\""false\"" class=\""wtrExisting\"" />\n<input type=\""hidden\"" name=\""page_url\"" id=\""page_url\"" />\n<button class=\'wtrToRead\' type=\'submit\'>\n<span class=\'progressTrigger\'>Want to Read<\/span>\n<span class=\'progressIndicator\'>saving…<\/span>\n<\/button>\n<\/form>\n\n<\/div>\n\n<div class=\'wtrRight wtrUp\'>\n<form class=\""hiddenShelfForm\"" action=\""/shelf/add_to_shelf\"" accept-charset=\""UTF-8\"" method=\""post\""><input name=\""utf8\"" type=\""hidden\"" value=\""&#x2713;\"" /><input type=\""hidden\"" name=\""authenticity_token\"" value=\""Ukgoiz/IAmK10sQP2SS49wWoGzrunCS5HHkvxkh/AimKP8nN9L7YBpChg40eCU5DZ0DNYsF9NKW5XBSyNoHQoA==\"" />\n<input type=\""hidden\"" name=\""unique_id\"" id=\""unique_id\"" value=\""7_book_6596839\"" />\n<input type=\""hidden\"" name=\""book_id\"" id=\""book_id\"" value=\""6596839\"" />\n<input type=\""hidden\"" name=\""a\"" id=\""a\"" />\n<input type=\""hidden\"" name=\""name\"" id=\""name\"" />\n<input type=\""hidden\"" name=\""from_choice\"" id=\""from_choice\"" value=\""false\"" />\n<input type=\""hidden\"" name=\""from_home_module\"" id=\""from_home_module\"" value=\""false\"" />\n<input type=\""hidden\"" name=\""page_url\"" id=\""page_url\"" />\n<\/form>\n\n<button class=\'wtrShelfButton\'><\/button>\n<\/div>\n\n<div class=\'ratingStars wtrRating\'>\n<div class=\'starsErrorTooltip hidden\'>\nError rating book. Refresh and try again.\n<\/div>\n<div class=\'myRating uitext greyText\'>Rate this book<\/div>\n<div class=\'clearRating uitext\'>Clear rating<\/div>\n<div class=\""stars\"" data-resource-id=\""6596839\"" data-user-id=\""0\"" data-submit-url=\""/review/rate/6596839?stars_click=true&wtr_button_id=7_book_6596839\"" data-rating=\""0\""><a class=\""star off\"" title=\""did not like it\"" href=\""#\"" ref=\""\"">1 of 5 stars<\/a><a class=\""star off\"" title=\""it was ok\"" href=\""#\"" ref=\""\"">2 of 5 stars<\/a><a class=\""star off\"" title=\""liked it\"" href=\""#\"" ref=\""\"">3 of 5 stars<\/a><a class=\""star off\"" title=\""really liked it\"" href=\""#\"" ref=\""\"">4 of 5 stars<\/a><a class=\""star off\"" title=\""it was amazing\"" href=\""#\"" ref=\""\"">5 of 5 stars<\/a><\/div>\n<\/div>\n\n<\/div>\n\n\n<\/div>\n\n"", { style: 'addbook', stem: 'bottomMiddle', hook: { tip: 'bottomMiddle', target: 'topMiddle' }, offset: { y: -3, x: 0 }, hideOn: false, width: 325, hideAfter: 0.05 });
      $('edition_6596839').observe('prototip:shown', function() {
        if (this.up('#box')) {
          $$('div.prototip').each(function(i){i.setStyle({zIndex: $('box').getStyle('z-index')})});
        } else {
          $$('div.prototip').each(function(i){i.setStyle({zIndex: 6000})});
        }
      });

      newTip['wrapper'].addClassName('prototipAllowOverflow');

        $('edition_6596839').observe('prototip:shown', function () {
          $$('div.prototip').each(function (e) {
            if ($('edition_6596839').hasClassName('ignored')) {
              e.setStyle({'display': 'none'});
              return;
            }
            e.setStyle({'overflow': 'visible'});
          });
        });
      $('edition_6596839').observe('prototip:hidden', function () {
        $$('span.elementTwo').each(function (e) {
          if (e.getStyle('display') !== 'none') {
            var lessLink = e.next();
            swapContent(lessLink);
          }
        });
      });

//]]>






All Editions

 | 

Add a New Edition


 | 

Combine




        

        ...Less Detail

         Edit Details

    
  
","
      
        Young Adult
      
        
          31,003 users
        
      
    ","
      
        Fiction
      
        
          17,475 users
        
      
    ","
      
          Science Fiction >
        Dystopia
      
        
          16,222 users
        
      
    "
"
      The Hunger Games
",Suzanne Collins,"
  4.33
","
  
  6,532,315
  ratings
","
    
    173,686
    reviews
","Hardcover, First Edition, 374 pages","
            Published
        September 14th 2008
         by Scholastic Press

      ",,,,